rainfall_24h,slope,soil_moisture,landslide
167.14,26.26,75.88,1
106.41,23.53,49.44,1
95.18,8.4,54.69,0
81.56,34.49,62.87,1
70.33,46.13,41.74,1
105.98,23.6,35.33,1
118.82,25.47,37.37,1
10.29,45.14,24.73,0
25.41,58.83,42.04,1
3.23,29.89,29.17,0
79.69,55.33,56.8,1
29.42,29.49,44.51,0
52.91,38.42,42.59,1
23.6,30.21,46.44,0
23.06,40.61,19.93,0
3.63,8.07,35.51,0
59.88,55.44,30.42,1
26.77,15.44,41.81,0
117.65,23.01,31.74,1
279.6,37.84,94.49,1
262.95,33.01,85.92,1
42.86,42.32,38.65,1
1.22,33.21,34.28,0
80.25,14.98,44.03,1
4.69,56.89,21.52,0
3.71,23.61,18.97,0
112.86,57.05,51.09,1
72.53,50.6,29.55,1
91.93,33.57,42.36,1
258.93,25.6,81.62,1
5.64,29.72,23.89,0
15.47,47.37,25.65,0
21.92,41.8,31.76,0
6.34,33.18,18.78,0
25.13,33.62,32.06,0
2.32,56.43,35.11,1
31.38,39.79,51.13,1
0.87,46.65,18.3,0
33.68,7.58,52.57,0
79.07,37.78,38.54,1
48.86,11.41,43.93,0
42.25,9.86,36.19,0
1.93,34.05,34.36,0
7.8,13.28,47.81,0
0.04,26.98,29.09,0
112.18,21.29,50.65,1
30.76,6.18,44.77,0
20.44,8.33,29.97,0
40.95,8.89,32.97,0
66.32,33.81,28.85,1
75.6,31.58,34.8,1
64.94,34.6,34.99,1
55.87,16.16,41.24,0
111.22,56.44,45.85,1
88.74,32.05,29.61,1
24.65,48.1,35.51,1
25.94,39.14,43.01,1
1.94,45.53,46.44,1
4.05,38.67,36.01,0
57.21,16.3,53.47,0
104.11,47.23,59.48,1
76.88,34.21,54.17,1
6.54,29.33,17.67,0
23.81,38.89,48.47,1
98.88,34.45,35.08,1
40.65,58.42,43.0,1
13.78,15.53,30.33,0
39.45,7.72,37.59,0
245.86,52.79,60.81,1
38.5,27.45,40.43,0
2.45,41.09,25.83,0
112.86,26.94,38.59,1
5.85,7.77,21.49,0
84.18,22.98,32.55,1
270.08,59.33,81.73,1
7.92,25.91,28.6,0
77.15,23.62,42.35,1
170.66,33.85,53.95,1
7.89,27.58,32.28,0
15.25,31.97,43.95,0
105.53,41.22,49.75,1
7.02,6.8,33.23,0
7.62,11.56,29.74,0
7.96,59.42,47.72,1
5.64,32.38,24.39,0
8.66,39.41,23.96,0
11.69,36.97,45.73,0
255.63,28.52,64.29,1
83.39,21.47,50.85,1
95.65,34.8,47.8,1
5.32,54.93,31.94,1
233.08,7.14,74.73,0
6.85,58.52,24.71,0
98.58,52.9,58.99,1
42.28,32.47,43.69,1
9.87,21.32,26.34,0
10.22,35.34,54.31,0
110.23,40.59,35.65,1
2.09,45.65,48.94,1
95.2,37.25,43.33,1
101.69,26.84,49.17,1
240.08,25.53,68.64,1
1.12,20.31,19.98,0
6.29,8.1,25.59,0
53.01,13.98,47.13,0
174.54,8.78,78.62,0
145.54,25.05,45.84,1
115.13,11.16,40.49,0
175.72,36.87,70.88,1
76.02,35.82,44.9,1
80.41,58.78,34.03,1
6.36,53.48,21.94,0
25.46,35.45,23.6,0
244.35,15.72,60.03,1
171.48,5.98,71.98,0
2.7,58.76,38.73,1
9.55,7.98,21.36,0
9.4,7.73,46.06,0
232.77,26.77,81.66,1
93.74,42.3,41.41,1
133.27,28.8,48.81,1
29.79,20.42,24.49,0
207.64,35.67,63.5,1
88.51,44.33,33.89,1
15.95,12.42,40.65,0
2.04,36.25,14.4,0
3.6,22.53,36.94,0
27.56,12.03,36.03,0
0.2,35.66,28.47,0
53.01,16.32,48.99,0
126.72,32.92,57.33,1
0.22,21.31,38.72,0
3.88,52.96,36.87,1
22.72,54.55,34.48,1
199.06,52.77,83.62,1
119.33,29.36,42.04,1
67.82,42.09,40.76,1
172.38,11.13,66.19,0
85.21,32.46,48.36,1
168.15,7.35,65.73,0
50.05,27.79,39.63,1
1.54,9.06,19.45,0
0.34,29.48,43.0,0
32.34,42.38,22.41,1
97.29,59.57,37.24,1
180.84,54.77,57.07,1
2.96,56.98,39.21,1
1.92,8.08,40.14,0
76.97,20.76,50.85,1
17.44,54.03,23.49,1
133.61,23.27,46.28,1
116.48,53.59,46.38,1
11.28,41.14,53.69,1
15.25,13.76,31.84,0
0.47,15.08,10.5,0
8.44,21.4,38.97,0
114.89,23.35,50.1,1
3.94,47.74,26.97,0
49.4,47.83,42.28,1
0.49,28.17,18.12,0
6.78,6.28,23.21,0
3.12,21.44,21.19,0
118.51,31.23,52.26,1
233.58,33.86,63.63,1
19.09,50.5,39.93,1
65.86,27.16,24.57,1
14.31,8.78,48.56,0
15.12,13.87,34.14,0
4.31,23.82,27.77,0
49.95,27.93,29.78,0
2.55,37.19,37.84,0
1.01,46.75,30.31,0
65.2,16.11,58.47,1
244.18,28.06,79.78,1
164.59,43.81,70.73,1
2.43,25.6,37.93,0
250.31,37.64,61.79,1
28.19,31.72,49.25,1
43.54,5.22,52.44,0
0.83,35.17,37.98,0
241.53,28.09,59.75,1
51.71,55.62,39.74,1
72.33,30.11,23.17,1
12.24,31.54,29.77,0
136.06,45.62,62.97,1
41.81,30.86,49.29,1
15.82,44.21,40.26,1
87.02,44.76,57.98,1
5.88,41.56,10.0,0
15.92,47.64,22.07,0
176.68,34.36,72.16,1
21.94,32.25,29.99,0
66.31,10.01,53.51,0
83.3,21.22,39.87,1
4.36,53.28,22.67,0
55.04,48.36,41.64,1
0.62,37.58,18.85,0
144.65,5.7,68.74,0
61.23,57.59,40.99,1
3.48,10.78,31.02,0
228.62,12.27,85.24,1
47.13,27.56,28.36,0
220.92,52.87,80.96,1
77.69,37.01,37.69,1
51.06,37.34,24.08,1
2.49,6.01,52.71,0
242.18,35.82,79.81,1
14.0,35.33,37.34,0
75.43,38.7,43.21,1
61.96,24.44,54.37,1
254.04,20.08,66.96,1
91.03,24.71,26.63,1
57.7,25.39,45.19,1
24.6,18.43,27.53,0
79.35,55.68,38.27,1
7.51,43.03,41.88,0
33.77,42.97,17.91,0
69.89,45.59,57.81,1
8.7,48.21,33.17,1
105.14,12.03,47.27,1
7.37,33.96,37.58,0
33.36,14.5,25.69,0
0.01,44.52,19.01,0
98.86,25.84,39.49,1
10.69,24.19,38.69,0
68.02,14.24,37.66,0
0.06,11.61,19.92,0
46.09,13.15,54.21,0
189.66,19.43,88.02,1
9.62,57.64,34.88,1
11.53,43.44,21.02,0
113.8,29.77,59.46,1
10.81,59.34,40.63,1
24.93,31.84,20.09,0
2.04,12.85,23.42,0
35.46,45.61,45.17,1
23.11,28.13,41.82,0
4.31,28.19,35.5,0
150.11,21.05,45.19,1
12.23,33.98,38.36,0
50.23,35.74,46.47,1
83.93,22.31,35.37,1
10.11,45.15,25.24,0
17.69,21.04,29.38,0
89.13,19.26,42.28,1
7.98,42.54,25.95,0
62.42,53.39,56.13,1
74.37,33.0,44.48,1
201.81,50.83,79.32,1
119.11,15.98,58.22,1
48.35,5.27,32.59,0
4.12,59.29,24.43,0
11.31,58.72,34.76,1
89.22,36.33,20.23,1
6.07,10.82,48.83,0
20.97,49.33,23.85,1
7.26,37.66,31.06,0
116.31,37.96,57.88,1
24.59,45.9,36.61,1
204.58,51.42,68.93,1
172.99,35.85,64.73,1
40.74,31.04,30.79,0
55.91,40.24,35.67,1
67.84,15.27,57.76,1
16.29,21.97,26.38,0
40.35,12.71,32.99,0
2.02,13.86,30.37,0
91.0,15.54,41.31,1
42.4,39.84,46.67,1
33.14,29.84,44.01,0
6.78,55.7,42.46,1
59.47,21.13,46.13,1
46.23,33.2,26.19,0
57.37,43.43,35.57,1
8.0,18.92,10.0,0
20.1,21.18,15.02,0
98.71,32.18,45.44,1
108.43,44.59,40.94,1
93.78,19.54,54.98,1
151.0,56.46,60.39,1
80.26,40.21,52.78,1
87.72,14.53,43.33,1
251.3,36.31,64.88,1
27.73,28.86,26.79,0
176.19,55.68,51.91,1
23.98,10.97,33.8,0
62.83,13.35,26.91,0
7.67,42.6,21.24,0
3.18,59.95,25.18,1
100.1,5.86,54.86,0
22.07,45.48,37.06,1
276.16,25.46,77.83,1
46.38,37.13,46.73,1
17.72,7.08,25.54,0
114.66,33.0,63.88,1
94.72,35.84,29.21,1
56.89,53.23,51.07,1
0.6,48.72,37.91,0
13.96,50.83,25.66,1
12.98,43.46,12.76,0
7.86,45.49,21.06,0
101.96,27.28,62.23,1
196.16,31.91,73.77,1
1.64,28.35,24.84,0
29.32,12.8,30.76,0
58.57,31.1,56.34,1
43.57,52.09,28.94,1
223.51,7.8,60.51,0
118.62,23.93,45.59,1
48.24,47.55,41.04,1
61.65,18.45,56.7,1
54.72,54.73,37.02,1
37.14,37.66,66.74,1
247.93,6.79,84.63,0
54.59,30.99,29.86,1
99.26,35.99,53.99,1
61.8,36.24,24.09,1
115.8,6.26,54.31,0
4.44,12.54,17.97,0
81.05,34.9,46.13,1
150.99,20.18,60.9,1
13.13,25.89,47.6,0
87.49,34.54,48.64,1
9.37,14.16,40.93,0
2.6,21.08,21.05,0
7.36,13.09,36.17,0
10.47,15.33,38.05,0
54.91,12.39,32.82,0
185.26,32.18,83.15,1
41.53,40.1,33.06,1
36.5,22.19,56.08,0
45.68,36.99,43.5,1
5.8,51.13,19.71,0
247.41,8.1,86.13,0
171.5,31.86,58.81,1
59.17,22.99,30.91,0
256.05,46.63,86.22,1
5.79,18.31,34.05,0
2.87,28.41,18.87,0
49.81,9.46,31.82,0
12.8,26.29,33.93,0
35.0,54.74,23.42,1
62.79,31.15,56.49,1
11.46,24.66,42.76,0
142.04,12.1,60.42,1
98.58,28.87,46.86,1
2.42,18.58,28.64,0
2.02,10.34,23.36,0
0.47,15.44,35.69,0
264.95,29.17,89.64,1
4.75,20.14,34.48,0
24.83,11.98,35.04,0
20.22,21.13,29.51,0
2.54,31.74,38.39,0
43.72,6.14,49.81,0
118.91,49.3,54.01,1
4.06,19.77,24.74,0
4.73,31.78,39.69,0
10.96,28.53,28.89,0
95.19,6.04,53.8,0
261.13,27.18,85.55,1
13.22,24.36,40.3,0
7.22,25.84,20.98,0
1.51,18.11,29.37,0
179.96,37.24,52.94,1
13.2,33.42,40.27,0
106.71,41.7,36.27,1
26.84,43.32,26.22,1
2.28,5.28,17.28,0
14.29,19.02,46.14,0
271.22,12.78,78.42,1
5.13,34.19,43.49,0
4.8,33.33,41.74,0
43.25,53.8,46.43,1
80.55,35.81,30.77,1
112.98,53.26,41.68,1
126.48,37.78,50.06,1
7.99,31.03,11.7,0
145.61,26.92,40.58,1
0.89,41.85,23.01,0
101.47,43.07,37.34,1
16.31,20.71,37.71,0
13.02,22.53,18.54,0
16.66,9.21,24.48,0
14.26,24.65,20.22,0
4.44,21.69,27.48,0
0.68,21.44,42.03,0
163.08,22.16,64.27,1
66.35,7.42,32.67,0
159.58,45.71,67.97,1
119.61,47.18,44.21,1
65.83,23.26,30.66,0
7.73,32.2,17.8,0
2.04,20.66,40.09,0
80.91,35.87,51.29,1
23.34,6.65,44.75,0
0.4,17.95,37.5,0
68.58,37.71,55.92,1
0.53,16.57,43.28,0
32.99,24.93,44.04,0
4.87,27.4,32.83,0
2.0,54.46,20.53,0
13.64,9.4,30.22,0
8.94,10.24,37.88,0
14.8,21.29,40.58,0
3.2,22.3,27.82,0
165.62,24.62,64.71,1
98.76,21.79,46.96,1
4.27,19.23,32.98,0
208.81,19.1,70.68,1
114.91,23.23,61.32,1
85.88,6.33,47.28,0
1.75,20.55,26.62,0
2.66,54.26,18.36,0
196.15,22.42,64.67,1
4.45,26.85,32.28,0
6.86,22.0,29.57,0
3.61,14.41,33.19,0
111.49,31.65,39.59,1
30.11,43.97,29.69,1
0.95,44.38,32.44,0
84.54,29.73,40.72,1
5.91,45.11,39.47,0
52.79,20.02,57.55,1
0.27,35.5,26.29,0
114.63,33.49,27.67,1
11.61,32.75,39.59,0
13.21,42.83,27.2,0
13.39,53.45,24.81,1
14.42,49.33,51.51,1
50.83,43.57,50.96,1
7.59,14.69,22.17,0
111.61,49.97,61.82,1
10.92,22.57,21.22,0
17.87,19.21,36.62,0
10.41,42.67,33.96,0
0.65,13.42,35.63,0
7.01,36.78,24.81,0
83.91,29.35,33.69,1
5.82,37.11,32.81,0
97.48,31.37,29.92,1
82.14,51.72,40.27,1
59.21,21.46,42.21,1
140.87,13.38,49.43,1
48.38,27.19,46.14,1
24.47,22.34,20.15,0
18.37,19.05,43.45,0
15.05,21.67,24.42,0
10.53,23.75,38.59,0
2.2,30.94,38.64,0
4.82,54.65,42.6,1
1.64,50.74,39.57,1
21.25,52.56,22.28,1
63.69,54.66,29.48,1
43.8,15.55,34.02,0
144.44,31.23,54.36,1
1.02,28.64,28.46,0
0.17,56.5,17.48,0
91.0,35.19,58.13,1
19.58,36.17,29.35,0
3.99,25.49,21.08,0
48.69,42.72,51.09,1
74.22,5.38,35.51,0
13.29,32.55,24.59,0
202.09,25.28,64.79,1
264.86,22.68,76.95,1
42.43,39.13,32.1,1
232.82,34.05,75.42,1
115.93,13.11,34.06,1
13.51,50.58,44.31,1
10.39,21.39,33.43,0
13.97,43.4,32.2,0
46.37,21.03,43.21,0
100.32,21.88,45.91,1
261.24,12.67,69.54,1
75.46,42.89,31.04,1
2.12,56.44,11.11,0
258.83,9.93,91.17,0
4.46,22.05,30.75,0
58.55,13.06,39.44,0
21.73,50.84,22.7,1
6.68,33.59,31.39,0
4.66,42.41,34.43,0
34.83,13.95,39.27,0
4.39,40.58,40.85,0
272.4,33.37,84.0,1
276.52,47.63,80.77,1
150.88,25.5,53.42,1
185.57,20.65,77.81,1
63.3,41.74,34.0,1
57.81,21.39,40.63,0
87.14,15.92,47.01,1
82.72,42.97,30.32,1
34.14,37.71,35.59,1
2.52,44.91,43.09,0
3.53,53.95,18.55,0
51.9,34.81,34.39,1
75.88,47.56,43.59,1
20.99,58.13,25.29,1
3.72,33.92,17.43,0
72.14,16.33,48.48,1
110.72,30.08,35.79,1
62.41,30.81,43.74,1
17.48,45.89,21.2,0
189.54,28.94,62.22,1
26.69,9.68,23.53,0
112.3,25.35,47.59,1
81.54,15.03,34.08,0
220.42,19.19,78.38,1
0.52,52.89,32.79,1
7.52,33.27,24.46,0
75.09,18.64,53.8,1
0.83,19.81,19.42,0
186.25,35.12,63.0,1
4.14,24.03,28.31,0
89.42,23.15,44.4,1
265.8,27.28,79.25,1
238.26,44.41,76.3,1
4.98,21.3,24.8,0
18.34,43.49,23.06,0
2.91,19.23,36.44,0
15.52,18.42,17.04,0
103.65,59.27,49.72,1
16.27,22.36,22.64,0
25.87,10.34,28.69,0
15.65,24.33,19.47,0
124.22,55.92,71.06,1
205.85,13.55,75.8,1
55.87,6.74,31.37,0
69.84,45.6,36.84,1
22.94,28.37,33.19,0
14.19,8.64,32.41,0
3.89,41.73,38.39,0
9.88,26.48,19.06,0
235.59,33.71,95.94,1
81.56,23.02,44.44,1
109.89,57.02,60.61,1
12.28,15.47,10.0,0
85.14,22.01,34.45,1
59.57,21.72,27.43,0
110.11,34.34,65.61,1
264.81,12.41,70.85,1
2.91,30.09,48.96,0
82.17,26.99,49.29,1
30.7,24.67,36.8,0
7.12,19.45,41.91,0
43.06,28.25,40.92,1
29.87,56.81,46.19,1
8.62,51.7,24.06,0
264.46,31.47,80.34,1
42.68,37.89,52.96,1
8.2,33.48,22.42,0
7.44,57.74,43.34,1
102.25,27.99,36.13,1
2.15,21.17,24.6,0
228.63,32.22,58.07,1
0.59,33.26,12.87,0
92.92,11.71,63.75,0
72.88,41.64,64.09,1
21.45,42.26,43.91,1
67.23,51.18,55.46,1
7.57,24.31,21.99,0
78.13,54.13,37.71,1
18.9,52.44,39.24,1
51.75,23.01,46.66,1
116.36,58.16,42.9,1
3.4,15.74,48.57,0
4.31,29.01,39.14,0
10.27,56.34,38.24,1
259.74,9.27,71.48,0
118.08,25.23,49.52,1
7.2,9.37,36.55,0
76.05,28.02,62.31,1
66.98,31.24,32.22,1
10.33,30.3,47.13,0
2.58,35.72,42.26,0
97.42,31.46,31.96,1
4.1,35.62,16.07,0
82.79,35.73,55.34,1
222.68,27.69,68.54,1
7.09,38.2,41.93,0
22.4,26.38,21.75,0
41.02,32.41,39.57,1
27.29,50.37,39.04,1
3.37,17.83,24.17,0
11.26,35.68,30.99,0
80.67,31.36,32.63,1
44.61,29.98,29.97,0
16.34,15.45,35.77,0
11.67,5.5,43.2,0
10.82,30.04,19.4,0
0.43,22.85,27.49,0
35.7,40.76,19.65,0
101.43,51.35,40.29,1
0.47,28.58,27.89,0
5.32,31.62,45.72,0
106.82,5.55,35.8,0
3.73,33.93,42.89,0
0.99,35.45,17.99,0
46.85,40.04,46.44,1
60.28,33.15,51.79,1
15.07,39.74,33.64,0
105.69,37.4,41.63,1
27.36,35.61,33.61,0
2.69,36.37,34.32,0
103.35,14.27,50.73,1
79.51,37.46,48.69,1
44.07,9.38,34.25,0
0.23,20.1,49.61,0
97.22,23.38,64.01,1
15.42,32.83,32.84,0
154.24,36.37,64.04,1
79.76,35.56,50.89,1
40.75,6.41,52.15,0
116.37,34.2,64.43,1
27.99,59.37,35.21,1
49.51,59.78,34.72,1
13.87,27.86,40.45,0
23.91,6.24,30.5,0
45.5,24.81,37.98,0
158.77,43.57,51.09,1
0.29,27.84,36.84,0
31.59,6.07,39.66,0
72.21,20.76,38.06,1
42.34,28.27,55.55,1
4.59,42.66,40.72,0
234.23,8.56,69.53,0
9.54,45.81,20.29,0
98.28,57.42,65.34,1
158.93,25.39,75.58,1
53.64,25.34,36.64,0
91.62,31.42,36.01,1
12.74,35.74,32.4,0
82.56,40.03,49.28,1
20.75,33.09,23.38,0
51.26,17.0,44.06,0
3.49,28.78,29.72,0
22.57,28.56,43.49,0
5.42,16.41,34.38,0
13.72,32.39,30.49,0
190.8,48.84,79.37,1
162.66,22.56,47.61,1
0.72,39.85,19.07,0
210.37,29.73,77.65,1
257.68,27.11,67.09,1
16.64,14.96,41.86,0
13.47,37.85,26.4,0
0.78,47.51,17.86,0
18.31,53.72,49.9,1
62.33,32.03,38.75,1
23.57,16.03,43.63,0
276.68,13.63,67.48,1
113.0,55.71,39.46,1
110.93,21.32,63.33,1
12.0,40.33,28.02,0
0.18,40.64,33.4,0
10.57,8.79,21.12,0
17.47,47.16,28.24,1
16.77,5.31,47.67,0
25.67,24.45,46.53,0
63.52,33.52,46.39,1
29.35,27.41,41.88,0
2.09,42.06,31.03,0
25.4,31.27,36.81,0
21.45,50.07,40.5,1
260.01,50.71,71.95,1
8.46,22.09,27.45,0
165.0,26.82,75.88,1
26.16,14.68,22.58,0
29.25,20.42,24.04,0
93.78,22.26,44.87,1
12.53,20.59,33.79,0
178.24,22.05,60.28,1
45.0,42.08,31.81,1
25.07,7.63,57.29,0
86.25,28.8,58.19,1
1.48,14.1,37.25,0
8.5,18.95,20.02,0
12.85,34.69,24.1,0
18.46,20.09,30.79,0
23.36,51.56,22.02,1
10.16,9.84,30.26,0
40.68,43.84,38.53,1
58.48,59.94,40.27,1
55.65,30.41,43.09,1
142.32,51.13,68.94,1
73.26,45.54,23.67,1
105.83,30.39,51.47,1
13.04,26.51,21.68,0
5.77,9.85,21.82,0
7.75,35.32,28.68,0
9.1,56.2,28.34,1
1.81,27.09,42.93,0
3.36,39.49,40.06,0
8.54,19.08,28.93,0
4.35,50.13,40.69,1
7.13,33.27,39.53,0
65.26,37.12,55.26,1
26.25,20.75,34.91,0
183.08,34.72,66.61,1
67.56,50.11,50.44,1
58.19,31.49,26.0,1
240.13,34.67,82.05,1
45.05,27.4,46.67,1
11.97,39.69,38.62,0
53.45,30.71,17.88,0
3.89,20.33,26.78,0
41.23,32.47,53.97,1
90.74,8.12,58.8,0
53.76,21.2,42.59,0
181.18,41.4,71.93,1
2.27,30.32,35.91,0
15.19,58.43,24.81,1
187.83,50.37,77.13,1
245.82,40.27,81.39,1
87.07,8.82,43.86,0
30.24,20.57,38.5,0
112.79,15.89,57.53,1
59.22,51.91,53.36,1
98.85,19.79,49.0,1
5.99,24.62,41.31,0
24.37,52.29,38.4,1
3.3,48.63,40.9,1
23.2,57.49,34.87,1
1.85,12.63,19.62,0
10.6,34.91,30.26,0
142.27,14.98,69.43,1
36.38,38.87,19.66,0
18.63,48.63,42.75,1
6.47,40.26,45.09,0
68.81,13.93,49.81,0
3.93,18.87,38.41,0
42.7,23.73,37.45,0
198.96,7.58,69.47,0
265.42,54.96,74.2,1
147.65,33.69,68.62,1
72.86,11.93,52.68,0
5.3,37.5,37.86,0
18.26,20.44,33.82,0
90.72,21.47,36.4,1
156.97,22.18,46.78,1
194.37,42.22,77.06,1
98.54,10.84,45.13,0
81.41,30.0,51.27,1
0.13,48.58,35.14,0
105.59,26.21,35.16,1
31.66,29.38,19.85,0
172.9,28.74,76.72,1
53.48,7.09,47.58,0
84.35,12.11,45.01,1
0.01,37.84,48.86,0
85.63,39.48,36.27,1
18.68,35.12,32.54,0
13.6,6.61,48.84,0
11.79,14.78,53.62,0
40.91,45.19,34.96,1
18.92,14.14,54.07,0
29.46,26.91,52.82,0
40.26,41.68,27.49,1
213.21,55.17,61.38,1
7.25,23.79,45.69,0
1.66,31.85,18.49,0
55.99,48.61,27.99,1
7.31,36.86,36.62,0
1.23,21.38,25.18,0
14.88,53.51,25.32,1
89.9,21.25,34.44,1
97.39,55.98,51.81,1
31.0,7.28,38.14,0
115.9,50.94,42.39,1
14.11,39.87,33.06,0
246.99,36.97,73.71,1
1.88,28.89,33.37,0
69.48,44.91,58.01,1
15.74,51.99,26.29,1
96.78,45.22,54.47,1
153.33,41.24,62.81,1
115.7,52.45,65.02,1
207.3,23.12,68.03,1
150.53,57.43,38.49,1
7.58,28.67,47.61,0
6.26,12.99,22.8,0
88.88,16.96,34.6,1
5.0,42.81,21.88,0
1.38,20.66,43.58,0
7.82,7.66,23.6,0
106.47,29.42,61.21,1
4.57,17.8,16.2,0
212.74,27.14,88.76,1
13.26,53.61,37.42,1
34.48,20.56,21.51,0
76.07,24.86,41.42,1
154.4,38.77,55.06,1
101.01,34.37,28.87,1
7.48,20.39,16.51,0
59.66,33.28,47.61,1
23.1,33.55,31.76,0
16.79,52.51,43.08,1
13.9,52.5,26.34,1
87.63,30.45,43.87,1
2.97,22.63,28.74,0
9.5,23.59,15.43,0
60.19,20.75,36.13,0
259.86,28.07,64.87,1
41.25,38.23,49.55,1
10.27,8.63,38.3,0
133.44,25.66,54.2,1
46.9,36.32,22.56,1
218.36,31.7,60.43,1
192.92,37.27,55.77,1
94.55,17.34,45.39,1
102.02,22.31,33.69,1
1.53,50.7,19.77,0
21.63,36.0,33.53,0
98.87,17.43,58.26,1
8.29,36.8,23.25,0
11.57,32.76,29.47,0
92.6,55.56,42.19,1
5.0,7.44,28.72,0
149.04,15.89,49.59,1
4.82,31.78,36.34,0
59.39,8.93,28.14,0
112.74,12.92,40.38,1
2.81,34.87,27.03,0
189.14,26.39,63.52,1
1.74,30.69,24.3,0
94.06,29.23,54.34,1
159.44,36.48,73.2,1
5.11,25.21,28.45,0
6.41,38.18,45.87,0
70.92,30.86,40.47,1
39.86,31.73,24.2,0
9.48,5.14,44.85,0
23.66,34.31,44.45,0
90.66,26.64,55.88,1
14.33,18.08,21.13,0
50.47,38.71,34.6,1
24.41,24.2,35.31,0
12.33,40.81,33.72,0
7.94,24.95,21.73,0
60.65,18.49,52.35,1
115.38,29.53,50.25,1
142.73,57.76,57.36,1
238.07,34.38,67.57,1
46.04,26.64,44.85,1
11.32,26.21,15.49,0
18.56,11.87,53.63,0
74.04,41.15,33.12,1
1.23,54.82,21.76,0
275.66,56.45,87.16,1
217.68,13.65,86.31,1
0.1,47.49,37.18,0
127.66,52.49,69.6,1
46.7,37.36,41.39,1
87.85,29.22,55.16,1
4.03,10.23,23.81,0
65.07,55.52,48.53,1
38.38,37.66,44.77,1
183.14,13.86,54.76,1
71.14,50.69,39.96,1
110.77,56.32,52.87,1
11.4,22.03,40.62,0
172.32,57.7,41.18,1
270.43,53.07,90.35,1
201.44,34.11,54.34,1
112.11,37.96,56.21,1
2.81,57.15,46.28,1
28.71,58.64,39.28,1
19.22,27.61,19.71,0
92.46,50.46,35.62,1
232.9,32.74,74.06,1
4.57,16.18,49.8,0
52.59,32.03,51.2,1
38.09,38.88,40.91,1
8.23,13.9,17.49,0
16.54,13.85,23.36,0
122.46,47.61,36.32,1
40.35,10.84,26.98,0
10.34,16.26,22.28,0
41.13,54.34,37.65,1
89.9,43.74,53.56,1
1.94,25.74,28.94,0
43.24,45.81,49.23,1
161.88,16.99,74.52,1
80.59,45.29,46.65,1
106.66,34.65,55.05,1
9.84,22.51,35.22,0
108.12,43.96,48.8,1
6.91,58.47,12.03,0
13.97,26.92,29.66,0
25.0,16.56,23.53,0
55.34,18.15,51.95,1
223.63,36.31,89.34,1
66.35,11.27,59.05,0
56.43,38.42,34.22,1
252.11,54.74,89.94,1
24.12,44.86,29.74,1
63.84,22.13,53.12,1
0.14,10.34,23.39,0
4.53,30.1,10.0,0
71.03,20.94,38.84,1
8.52,47.73,46.62,1
98.16,12.68,37.76,1
78.17,59.35,43.75,1
32.12,39.69,48.82,1
251.09,21.69,91.76,1
47.49,43.73,31.84,1
50.57,19.44,46.74,0
22.21,18.62,36.02,0
114.67,32.52,50.18,1
7.24,35.66,33.33,0
220.7,56.66,63.82,1
4.23,34.36,36.76,0
114.61,41.52,50.45,1
56.12,26.7,38.32,1
23.75,20.22,46.7,0
0.14,29.74,34.75,0
57.25,7.73,40.45,0
54.9,28.31,29.07,0
12.54,18.39,36.42,0
115.02,52.67,58.53,1
21.81,25.42,32.96,0
0.83,35.37,35.52,0
103.4,30.54,44.01,1
268.56,27.78,80.68,1
8.07,55.23,24.31,0
104.77,20.78,66.36,1
109.72,43.51,53.41,1
13.22,41.17,26.23,0
59.38,7.34,35.67,0
75.3,30.4,53.88,1
0.0,31.59,20.68,0
63.88,11.82,39.45,0
23.22,25.48,35.83,0
0.38,11.18,42.02,0
105.86,49.84,32.98,1
98.32,27.45,51.31,1
37.57,49.15,48.14,1
85.05,49.84,66.62,1
12.94,51.15,40.95,1
43.69,37.72,46.32,1
40.44,33.87,36.73,1
59.35,29.7,39.09,1
4.72,15.19,29.61,0
43.26,36.75,30.94,1
120.34,41.53,49.96,1
243.69,49.54,72.46,1
9.07,57.23,47.03,1
88.54,49.79,48.1,1
17.66,29.75,34.95,0
44.47,35.67,34.81,1
105.21,5.68,39.19,0
14.07,37.76,12.49,0
59.42,21.21,47.98,1
16.69,46.7,28.47,1
19.11,36.71,26.25,0
54.05,38.52,25.6,1
16.82,43.91,37.66,1
238.37,44.99,84.2,1
51.06,56.92,44.79,1
256.48,52.87,62.43,1
94.91,21.04,46.41,1
2.1,12.31,24.83,0
54.6,27.93,34.84,1
18.86,35.2,29.5,0
113.01,32.11,33.57,1
20.71,34.92,28.58,0
103.05,6.68,35.3,0
96.24,31.3,39.95,1
67.38,58.1,42.87,1
9.12,49.86,48.14,1
47.59,54.26,57.78,1
109.98,28.71,41.2,1
20.94,47.93,26.92,1
115.1,56.96,56.19,1
260.34,54.25,70.65,1
18.29,23.98,50.38,0
2.57,56.55,35.4,1
8.08,45.35,41.86,1
235.87,15.8,84.73,1
10.85,7.49,39.46,0
9.37,38.15,36.01,0
198.62,7.33,53.2,0
28.93,37.23,29.12,0
110.1,19.09,57.04,1
0.62,5.34,27.84,0
5.38,9.29,10.0,0
20.46,22.78,33.6,0
61.15,26.03,54.92,1
43.35,24.68,20.18,0
80.11,23.37,28.65,1
165.94,33.04,57.58,1
216.16,39.82,71.77,1
6.87,57.54,16.17,0
42.32,24.04,57.85,1
47.47,42.8,47.11,1
48.3,14.17,41.86,0
189.17,9.57,43.08,0
8.78,32.02,29.87,0
109.8,25.17,63.88,1
21.84,34.78,28.88,0
200.42,23.79,58.79,1
6.79,46.69,14.1,0
47.98,59.52,49.48,1
19.51,54.12,19.16,1
21.96,58.7,43.54,1
10.33,37.24,22.94,0
15.42,23.89,34.77,0
17.8,8.43,38.84,0
43.44,10.5,32.62,0
80.29,55.66,34.13,1
106.24,55.41,50.34,1
104.59,26.23,32.14,1
34.53,50.3,55.63,1
0.5,25.31,19.81,0
62.23,47.77,48.74,1
64.85,45.82,35.79,1
8.12,18.16,32.57,0
250.97,25.51,80.87,1
4.22,18.98,40.57,0
60.28,25.04,32.64,0
3.54,37.2,34.62,0
58.39,51.0,42.58,1
24.39,32.37,41.14,0
6.92,25.44,28.14,0
86.16,16.44,34.62,1
73.44,37.02,53.17,1
0.48,29.64,25.08,0
2.8,56.19,18.89,0
175.79,38.4,59.27,1
70.56,28.21,50.23,1
196.03,42.46,78.81,1
93.92,45.77,56.82,1
3.87,10.13,29.0,0
27.53,25.51,47.14,0
1.59,32.04,30.13,0
2.74,30.81,17.85,0
148.33,12.89,72.31,1
3.18,16.06,26.35,0
60.5,6.09,39.2,0
47.46,24.26,51.98,1
116.25,21.12,56.52,1
34.72,42.64,21.75,1
63.06,55.51,27.31,1
78.06,32.67,32.58,1
40.22,31.73,39.22,1
1.24,24.94,33.5,0
17.64,34.68,23.56,0
3.91,28.66,46.48,0
5.09,58.84,25.86,1
60.81,14.61,44.9,0
3.78,13.52,27.9,0
100.87,17.19,41.3,1
97.65,13.47,33.17,1
1.35,35.8,37.72,0
191.1,50.76,77.94,1
102.59,35.52,38.63,1
7.75,57.85,34.79,1
7.79,24.09,24.44,0
10.67,14.42,29.38,0
149.5,10.41,58.36,0
207.26,49.03,68.53,1
20.11,7.46,20.49,0
44.54,41.65,34.23,1
40.43,26.68,50.38,1
22.85,34.8,20.68,0
109.11,21.16,52.2,1
84.67,10.62,35.62,0
114.93,53.76,51.21,1
12.11,20.94,22.81,0
14.57,56.09,32.73,1
13.15,23.62,45.06,0
3.28,34.91,23.8,0
61.21,14.9,31.32,0
192.21,35.71,71.68,1
11.02,27.4,37.56,0
7.52,6.55,40.55,0
9.92,37.33,17.47,0
56.79,13.14,38.83,0
55.91,43.52,49.61,1
102.16,35.38,68.34,1
64.96,27.23,45.65,1
1.51,21.41,24.3,0
12.68,39.11,16.84,0
70.08,37.11,24.88,1
11.5,22.77,39.16,0
259.0,21.37,65.01,1
69.59,54.11,37.53,1
98.03,48.01,44.73,1
115.08,33.85,50.51,1
272.5,45.42,71.23,1
16.97,43.71,37.96,1
11.35,28.81,31.69,0
53.23,36.7,37.15,1
115.41,54.7,49.59,1
269.63,12.22,90.43,1
3.29,54.32,49.48,1
0.82,55.44,36.3,1
57.61,11.69,54.2,0
8.06,37.45,21.75,0
21.63,18.05,37.29,0
97.36,8.33,62.77,0
64.3,31.14,39.35,1
15.34,30.44,20.42,0
1.54,46.48,41.95,0
159.17,41.44,71.92,1
21.44,34.9,28.2,0
99.43,41.58,61.61,1
45.94,34.57,41.01,1
74.64,6.56,46.37,0
3.79,47.06,34.77,0
91.63,51.49,36.84,1
11.74,15.38,29.94,0
16.82,27.25,22.01,0
272.49,36.69,70.74,1
15.35,26.03,30.26,0
10.2,48.67,33.56,1
22.61,17.04,20.6,0
29.75,50.71,40.77,1
18.58,56.31,36.19,1
10.95,13.57,23.71,0
42.55,59.41,32.94,1
171.43,14.23,78.5,1
24.77,49.2,33.63,1
41.51,40.56,26.25,1
1.35,34.71,29.16,0
14.83,34.08,24.4,0
0.61,13.28,22.13,0
4.57,17.49,37.32,0
13.18,58.26,50.8,1
70.24,5.82,39.98,0
92.9,10.89,52.49,0
3.59,18.6,51.41,0
87.19,35.8,60.36,1
11.76,13.12,41.62,0
29.48,54.46,41.99,1
29.67,6.47,38.6,0
1.24,42.85,38.29,0
46.93,16.63,39.42,0
9.53,54.09,53.64,1
57.16,9.11,38.91,0
99.69,53.73,31.74,1
0.39,22.46,26.33,0
91.2,22.74,51.81,1
7.2,35.64,36.09,0
11.77,39.09,33.47,0
4.92,11.59,24.01,0
29.6,11.76,45.22,0
116.57,31.59,40.03,1
42.57,20.07,39.26,0
11.01,43.53,37.47,0
97.29,52.8,59.8,1
4.73,25.17,26.09,0
116.79,46.26,55.3,1
115.74,33.19,57.5,1
11.03,40.49,32.79,0
17.86,29.11,28.7,0
17.16,32.51,33.34,0
52.95,29.28,62.33,1
12.21,51.25,30.86,1
108.97,27.01,53.12,1
95.63,30.95,64.82,1
72.54,47.41,52.77,1
244.28,52.83,80.12,1
117.83,17.63,53.15,1
58.72,12.97,48.9,0
67.45,14.05,61.47,1
233.93,32.17,80.78,1
45.22,15.94,41.45,0
16.2,35.11,31.14,0
3.64,46.24,26.73,0
63.71,48.8,35.84,1
4.83,37.33,47.97,0
11.44,39.25,43.19,0
96.17,54.52,37.44,1
53.52,25.14,41.15,1
8.81,38.79,25.55,0
56.36,37.48,41.09,1
5.67,32.7,34.26,0
89.13,18.46,40.73,1
3.76,52.54,27.33,0
234.57,21.59,72.55,1
3.87,33.71,12.9,0
7.74,26.39,48.1,0
17.6,54.53,34.25,1
179.6,34.8,79.48,1
49.79,55.44,27.82,1
67.44,7.11,33.04,0
1.37,12.59,36.42,0
45.79,55.14,51.6,1
11.72,17.53,36.66,0
108.73,36.08,45.71,1
95.89,38.24,30.06,1
50.38,30.93,31.33,1
43.16,29.2,32.11,0
214.27,43.79,59.85,1
62.89,58.52,45.95,1
81.34,23.61,36.89,1
142.41,10.2,45.06,0
48.52,21.15,29.26,0
0.19,52.51,57.19,1
135.79,49.07,54.26,1
25.95,7.09,43.29,0
94.7,24.35,33.93,1
108.15,23.33,60.81,1
195.59,44.09,57.84,1
4.98,14.64,23.97,0
1.63,33.61,45.93,0
19.04,41.34,46.6,1
41.6,26.13,46.4,0
67.1,37.52,62.95,1
236.02,32.24,69.73,1
8.93,36.89,26.15,0
81.0,56.16,50.26,1
172.9,23.5,74.69,1
7.99,29.61,34.84,0
0.95,24.82,47.83,0
10.98,39.86,32.96,0
102.73,11.91,56.07,0
70.41,17.11,30.03,0
9.96,6.3,26.58,0
11.24,30.17,39.4,0
9.29,40.32,25.23,0
77.52,26.1,59.47,1
58.33,27.58,44.09,1
85.71,53.15,45.68,1
18.27,13.75,48.5,0
39.99,32.2,39.52,1
8.72,18.41,38.37,0
10.25,22.39,24.99,0
15.58,28.14,24.41,0
11.18,36.64,41.96,0
48.83,11.26,55.37,0
2.95,51.7,29.94,0
108.77,35.78,50.94,1
127.28,27.23,54.09,1
6.32,28.85,10.0,0
30.75,34.96,38.79,1
46.09,25.35,49.34,1
15.67,15.41,28.12,0
77.09,24.68,48.89,1
41.47,48.27,29.25,1
175.11,28.17,73.58,1
18.81,49.37,27.78,1
88.27,46.37,41.22,1
48.19,13.65,59.12,0
91.59,13.62,51.42,1
0.3,40.23,31.95,0
13.33,59.77,30.76,1
13.9,5.16,24.72,0
86.64,27.35,43.85,1
22.68,51.51,35.93,1
60.9,17.45,49.01,1
52.32,30.27,45.13,1
274.86,37.21,74.63,1
70.72,9.18,53.74,0
63.3,37.06,35.1,1
125.96,40.09,55.95,1
17.45,23.13,28.83,0
82.87,20.46,37.01,1
3.18,24.93,42.21,0
48.46,21.58,27.78,0
1.16,58.4,40.26,1
65.04,37.33,36.05,1
1.57,29.32,12.53,0
64.88,24.21,50.71,1
20.46,7.77,34.25,0
89.3,5.43,50.93,0
2.8,18.36,24.69,0
55.87,47.74,34.25,1
16.48,58.82,40.04,1
3.48,31.5,24.38,0
18.2,12.8,20.35,0
82.69,59.35,60.9,1
37.86,47.73,27.86,1
73.83,29.49,34.14,1
47.92,12.87,37.21,0
64.61,20.6,41.84,1
49.32,59.94,22.48,1
2.2,10.39,33.4,0
97.56,5.47,53.24,0
112.32,57.6,39.37,1
5.9,33.94,26.59,0
138.86,57.7,54.99,1
11.67,38.27,38.84,0
2.03,8.74,47.84,0
8.04,23.18,26.8,0
3.36,47.54,22.48,0
1.81,46.23,28.3,0
3.62,47.54,24.97,0
54.09,52.69,41.3,1
56.77,37.29,29.61,1
155.2,5.61,51.45,0
5.8,31.82,32.66,0
1.22,19.26,24.37,0
3.95,25.32,42.82,0
113.61,27.13,34.7,1
20.3,42.56,52.95,1
233.28,22.46,73.65,1
1.63,21.3,47.12,0
13.4,37.41,24.55,0
10.18,44.18,48.8,1
59.7,21.87,31.67,0
25.13,45.72,43.14,1
9.55,58.4,27.07,1
35.14,6.86,34.87,0
53.78,22.21,47.81,1
76.82,6.91,56.15,0
93.87,31.46,50.78,1
58.11,48.07,37.52,1
34.65,26.96,27.91,0
88.22,28.65,48.72,1
244.95,5.41,54.33,0
70.26,54.04,32.61,1
105.93,26.31,40.2,1
35.8,29.27,27.41,0
91.51,17.84,43.04,1
97.99,53.55,46.61,1
59.74,26.02,51.79,1
157.68,43.05,61.42,1
0.08,50.25,35.33,0
4.36,50.91,24.95,0
4.63,37.62,34.42,0
94.93,40.1,53.17,1
48.04,24.18,47.62,1
94.17,59.85,41.17,1
71.75,51.38,33.54,1
93.1,32.73,36.78,1
114.32,23.92,55.14,1
9.27,50.86,49.76,1
4.79,18.94,44.17,0
58.2,22.86,50.51,1
242.76,13.72,87.5,1
0.81,13.33,31.09,0
18.12,19.77,31.86,0
61.75,23.64,36.68,1
92.88,27.91,53.51,1
11.32,39.55,18.21,0
51.58,28.5,38.59,1
13.41,21.83,34.19,0
3.48,58.65,26.15,1
50.15,34.79,53.6,1
1.84,5.54,21.12,0
4.47,53.51,27.9,1
8.89,29.42,32.9,0
6.15,7.56,33.18,0
72.75,30.78,28.19,1
1.43,22.36,37.98,0
28.33,38.55,32.07,0
38.21,46.16,48.74,1
32.43,24.98,41.15,0
192.95,48.95,62.12,1
2.48,25.69,31.6,0
179.02,29.28,79.41,1
10.32,28.11,35.57,0
79.52,19.24,50.05,1
8.82,53.68,25.29,1
27.62,36.93,43.23,1
100.94,21.98,59.62,1
3.92,11.58,35.54,0
4.48,11.16,25.8,0
75.37,22.7,44.25,1
82.58,39.38,48.66,1
81.33,45.95,54.25,1
3.86,35.07,32.35,0
0.13,6.76,23.74,0
54.16,37.97,35.02,1
95.74,27.76,38.06,1
89.55,17.05,45.22,1
4.46,38.86,36.96,0
12.52,17.77,32.68,0
50.2,45.18,44.12,1
0.8,22.88,26.01,0
63.32,21.59,27.97,0
1.5,37.76,41.37,0
45.34,21.43,42.92,0
203.36,17.12,70.41,1
2.55,14.09,23.6,0
101.99,12.38,45.52,1
81.99,31.04,32.48,1
95.63,26.31,52.86,1
47.08,12.39,54.4,0
71.8,52.29,43.21,1
2.97,28.58,18.92,0
98.37,36.53,53.18,1
25.1,35.63,35.19,0
105.03,55.73,41.12,1
0.94,17.58,39.93,0
12.64,7.26,22.45,0
56.94,21.77,51.35,1
13.41,25.68,35.69,0
9.14,56.14,40.04,1
0.35,39.73,30.39,0
3.14,27.87,18.42,0
40.07,34.53,45.43,1
19.02,23.59,49.94,0
7.24,28.24,36.79,0
52.82,7.42,40.7,0
66.64,30.29,56.35,1
21.19,34.51,21.08,0
97.63,27.74,35.14,1
0.58,31.95,10.0,0
5.57,14.55,30.94,0
214.45,8.75,76.67,0
101.04,32.65,49.43,1
22.18,41.55,48.47,1
49.97,10.53,46.52,0
95.44,32.41,50.51,1
162.49,15.6,50.69,1
81.37,26.79,58.69,1
264.72,34.85,60.82,1
40.45,35.69,32.9,1
79.44,28.05,39.31,1
43.26,34.47,31.48,1
16.57,56.97,38.86,1
53.71,5.69,38.13,0
59.94,36.73,47.9,1
80.82,32.24,50.45,1
214.06,18.43,67.12,1
125.61,17.1,61.73,1
57.81,58.38,39.85,1
25.55,38.86,50.41,1
58.48,14.74,25.24,0
107.84,26.51,23.69,1
19.33,36.9,20.94,0
29.62,9.33,46.14,0
10.29,14.02,51.61,0
29.95,6.62,29.96,0
214.23,14.5,71.36,1
102.17,14.65,31.3,1
3.23,52.41,37.33,1
0.9,56.76,31.47,1
70.11,39.54,32.45,1
56.36,47.2,41.4,1
3.14,7.56,38.19,0
16.91,57.93,43.41,1
31.7,49.47,33.09,1
8.97,57.9,26.74,1
118.88,37.84,53.76,1
170.41,32.53,47.75,1
62.39,9.4,49.34,0
10.14,29.56,24.86,0
2.56,19.31,14.35,0
215.5,28.33,64.94,1
35.36,44.54,51.96,1
13.47,22.11,20.35,0
262.74,53.43,61.09,1
104.88,41.85,34.63,1
253.03,57.56,75.27,1
4.39,7.09,32.16,0
55.96,44.12,42.11,1
103.28,29.81,58.28,1
21.31,29.97,35.47,0
17.38,35.52,36.88,0
136.73,38.93,57.97,1
86.04,10.7,38.73,0
29.15,55.55,31.52,1
10.94,28.75,36.99,0
98.89,20.69,41.09,1
94.5,24.87,50.17,1
56.64,25.07,34.65,0
160.01,29.6,51.56,1
79.82,23.01,44.7,1
124.58,27.06,37.75,1
217.95,59.57,83.8,1
48.82,31.15,29.3,0
27.2,59.64,41.99,1
82.55,53.75,53.49,1
64.43,9.18,57.79,0
66.61,36.11,49.13,1
63.15,26.11,60.31,1
1.36,15.26,21.65,0
49.2,55.6,43.76,1
0.75,35.95,20.57,0
83.56,48.48,39.2,1
217.63,40.3,65.47,1
203.58,25.72,72.34,1
9.96,29.8,28.27,0
0.59,48.43,15.72,0
33.68,5.56,40.37,0
49.37,24.9,47.55,1
13.2,44.6,10.63,0
0.23,34.16,46.32,0
86.4,31.36,63.72,1
20.18,34.92,49.24,1
28.49,21.46,38.65,0
101.99,17.09,35.19,1
48.77,35.68,52.03,1
16.59,37.78,31.51,0
82.03,18.45,29.29,0
40.07,32.4,48.6,1
21.87,45.57,21.36,0
86.81,41.58,45.21,1
43.89,20.7,33.61,0
27.02,24.62,38.4,0
121.59,37.35,54.66,1
263.09,20.46,69.65,1
48.48,45.77,27.63,1
189.45,51.65,66.28,1
3.32,29.52,19.18,0
0.16,44.65,24.63,0
207.38,35.25,75.29,1
106.98,46.75,39.75,1
3.28,44.29,35.92,0
206.67,23.33,45.37,1
51.68,36.95,32.0,1
134.18,7.62,39.86,0
2.06,10.52,33.33,0
240.0,36.61,60.55,1
4.89,5.87,25.53,0
6.68,28.95,18.88,0
130.94,20.03,43.56,1
13.94,31.08,43.59,0
101.8,55.97,69.93,1
71.17,37.43,32.44,1
86.26,28.96,51.82,1
6.29,58.78,41.94,1
160.67,41.44,54.27,1
189.16,58.26,78.46,1
134.24,37.54,80.44,1
200.81,5.77,66.51,0
7.39,53.72,39.55,1
104.45,16.65,60.73,1
57.14,17.88,42.1,0
155.76,27.43,51.8,1
5.79,35.69,38.17,0
0.01,14.5,38.03,0
13.21,39.27,16.01,0
78.74,7.28,31.62,0
6.23,56.18,39.46,1
95.86,55.98,33.07,1
109.63,21.74,48.33,1
6.81,47.46,19.59,0
59.6,45.08,29.01,1
0.95,42.93,20.25,0
43.51,6.94,36.39,0
40.7,22.16,22.91,0
0.93,43.06,33.69,0
272.7,36.2,94.13,1
12.2,10.64,24.84,0
6.62,41.55,46.52,0
8.36,47.01,24.01,0
40.77,25.61,26.84,0
86.74,31.2,42.38,1
4.01,23.34,28.48,0
5.41,28.76,39.37,0
78.05,10.0,48.11,0
86.64,54.32,42.35,1
1.13,49.72,32.35,0
224.21,30.77,71.09,1
33.07,20.22,30.46,0
18.74,18.6,38.92,0
42.44,16.21,40.77,0
35.44,36.51,28.94,0
134.56,8.73,64.88,0
5.69,23.84,26.29,0
95.85,7.21,41.44,0
113.37,26.63,69.51,1
63.84,36.09,44.24,1
99.84,34.3,53.09,1
10.7,21.57,35.41,0
259.77,21.18,84.22,1
66.89,11.36,25.42,0
14.23,19.8,29.97,0
118.31,36.5,60.44,1
5.48,28.25,37.51,0
15.67,57.84,26.16,1
47.54,48.32,30.07,1
236.62,52.0,68.12,1
110.89,21.77,56.97,1
40.68,20.72,28.73,0
60.97,30.58,30.09,1
16.06,57.99,28.11,1
4.9,7.34,19.72,0
106.54,54.23,58.49,1
22.99,35.31,43.16,0
117.38,6.53,29.56,0
171.78,36.55,52.8,1
21.61,22.7,29.55,0
8.88,14.95,25.87,0
56.21,27.37,48.53,1
30.78,31.09,41.66,0
55.48,25.57,55.05,1
18.24,17.74,35.72,0
247.07,7.65,65.55,0
44.55,26.26,35.87,0
15.75,36.47,24.76,0
33.82,14.66,21.3,0
74.15,46.2,21.99,1
4.73,35.82,26.01,0
197.19,49.69,57.21,1
0.8,32.51,13.7,0
46.74,46.6,38.84,1
67.99,7.1,61.91,0
7.6,42.38,34.17,0
0.02,50.16,32.91,0
80.09,34.23,26.5,1
17.07,43.1,45.07,1
0.37,48.49,24.43,0
114.34,23.62,66.24,1
10.54,54.51,29.47,1
113.97,46.11,66.9,1
134.45,23.97,45.92,1
196.08,34.45,59.82,1
12.31,21.48,13.59,0
84.79,37.22,33.41,1
6.1,28.35,34.35,0
12.94,8.56,32.34,0
45.15,47.23,29.69,1
0.76,16.42,38.86,0
192.25,19.25,69.64,1
36.9,6.23,41.24,0
241.41,21.42,64.16,1
193.47,27.92,81.93,1
86.89,37.0,29.84,1
115.93,28.19,59.25,1
65.57,24.96,36.72,1
69.37,22.37,52.22,1
9.26,54.52,25.46,1
108.64,7.68,53.23,0
77.43,59.23,54.67,1
6.56,33.65,52.72,0
269.87,32.05,90.99,1
7.96,30.91,51.36,0
96.75,22.2,62.9,1
2.86,34.41,42.29,0
82.22,6.81,61.95,0
44.92,52.93,35.57,1
48.2,39.2,40.07,1
97.67,14.11,62.81,1
80.96,26.06,46.14,1
57.15,21.61,34.9,0
7.61,12.77,13.91,0
44.83,51.67,49.4,1
9.79,19.5,40.45,0
40.21,41.82,27.11,1
4.25,8.15,15.12,0
14.94,40.46,23.98,0
6.85,6.51,36.22,0
0.0,16.7,29.05,0
74.2,19.95,51.39,1
7.53,18.52,45.21,0
211.54,29.39,73.6,1
12.12,27.78,27.18,0
13.86,5.55,47.83,0
5.99,28.24,38.67,0
13.72,7.25,20.61,0
190.89,12.39,67.63,1
155.18,35.64,56.86,1
40.96,37.44,51.92,1
12.35,13.79,46.44,0
48.55,45.52,28.26,1
13.98,49.61,27.57,1
92.31,29.29,27.93,1
46.26,5.77,34.26,0
62.92,44.88,54.62,1
10.6,33.67,31.15,0
84.79,14.95,36.37,1
95.03,8.57,62.83,0
236.38,26.91,91.69,1
94.39,12.87,40.61,1
1.02,9.68,50.8,0
1.4,18.5,29.68,0
112.27,33.28,29.03,1
114.34,52.48,39.61,1
86.95,31.13,24.79,1
48.02,46.87,43.35,1
3.86,24.31,34.14,0
54.45,45.93,45.94,1
57.14,25.88,35.53,1
9.16,37.65,28.34,0
2.44,38.01,10.0,0
89.99,15.84,51.68,1
9.73,21.88,33.06,0
118.64,22.25,50.04,1
154.31,24.28,64.53,1
106.62,29.34,48.14,1
57.6,16.2,49.2,0
26.44,31.86,28.97,0
121.88,44.69,60.9,1
8.64,43.46,33.44,0
14.62,39.57,28.07,0
106.29,40.03,52.93,1
43.81,34.13,11.59,0
75.21,57.16,50.26,1
86.36,24.38,44.11,1
276.24,46.24,88.89,1
5.66,23.54,19.91,0
146.65,57.38,61.14,1
178.26,19.74,72.99,1
16.61,49.13,41.13,1
28.42,28.29,23.67,0
1.33,15.62,40.1,0
99.12,23.63,52.03,1
115.43,59.41,39.34,1
12.52,14.47,27.03,0
157.97,20.5,46.78,1
54.26,50.49,35.91,1
10.03,8.44,13.3,0
27.49,11.89,31.82,0
80.08,20.26,32.08,1
128.66,53.71,52.39,1
177.22,52.8,65.44,1
9.61,24.78,10.0,0
23.29,11.41,30.68,0
190.31,7.41,61.23,0
115.47,20.76,49.41,1
2.82,52.56,38.64,1
66.3,53.05,44.41,1
5.8,54.69,21.07,0
116.94,48.08,64.31,1
2.77,18.35,43.68,0
44.18,28.27,26.23,0
8.3,18.1,25.57,0
91.03,36.2,45.03,1
72.16,7.6,37.95,0
4.37,28.14,21.07,0
58.74,23.52,55.98,1
114.62,31.82,34.94,1
6.28,34.3,45.19,0
53.77,15.55,34.05,0
223.8,32.3,68.69,1
208.45,44.08,86.18,1
1.41,7.66,19.63,0
196.46,33.08,63.39,1
4.37,33.56,31.1,0
111.09,29.92,42.56,1
205.47,36.02,65.23,1
231.0,47.19,58.73,1
3.82,14.18,14.18,0
81.73,24.97,42.78,1
144.64,26.99,77.39,1
8.07,27.16,12.86,0
64.44,21.83,36.95,1
7.87,12.84,39.78,0
12.34,34.51,38.42,0
114.65,49.5,49.78,1
119.36,42.73,47.64,1
32.78,43.5,42.76,1
85.24,32.82,27.03,1
118.88,35.52,62.03,1
273.32,49.03,92.28,1
17.74,28.44,31.77,0
0.3,33.83,21.62,0
105.44,55.8,50.22,1
160.24,30.22,68.74,1
64.28,50.69,46.8,1
40.47,37.92,31.04,1
78.51,10.62,45.97,0
185.36,36.1,59.59,1
115.03,41.78,70.54,1
184.6,12.55,73.28,1
257.93,14.3,65.35,1
207.07,37.19,82.6,1
2.8,55.93,24.47,0
26.85,27.71,44.32,0
108.75,45.31,40.06,1
8.97,11.52,24.06,0
2.29,57.89,41.94,1
61.67,22.27,32.62,0
72.79,42.86,57.81,1
58.83,27.67,48.31,1
0.36,10.26,26.69,0
101.91,59.41,45.73,1
41.88,42.89,58.75,1
3.35,32.74,15.46,0
94.28,17.91,50.22,1
119.89,44.52,63.88,1
121.41,47.35,72.36,1
7.25,32.24,37.04,0
4.81,35.01,29.92,0
87.45,13.56,54.71,1
106.26,37.57,52.18,1
186.73,16.21,80.75,1
153.34,10.12,43.35,0
5.64,30.44,29.56,0
234.09,31.11,79.25,1
41.85,47.15,45.76,1
90.61,45.19,39.1,1
176.08,14.39,49.87,1
15.63,17.99,38.61,0
8.22,29.05,16.11,0
10.79,52.82,31.42,1
26.42,43.85,40.5,1
40.78,45.42,47.27,1
43.59,33.01,32.94,1
2.16,56.57,26.16,1
11.02,8.98,19.57,0
2.9,15.94,31.21,0
184.46,14.35,73.74,1
10.12,23.95,33.15,0
75.5,58.38,37.54,1
0.61,56.01,20.9,0
241.05,39.81,73.87,1
10.27,25.99,24.03,0
208.61,39.47,74.43,1
118.44,11.79,44.83,0
276.23,51.57,66.52,1
37.27,52.6,26.57,1
9.06,28.63,33.23,0
219.24,37.7,52.99,1
1.05,38.72,19.82,0
86.16,39.47,41.26,1
1.98,18.63,10.42,0
131.36,52.57,50.55,1
2.13,33.52,20.22,0
84.0,25.59,38.23,1
225.95,32.76,84.79,1
97.29,39.84,54.04,1
10.96,32.18,28.99,0
82.1,48.69,33.47,1
17.96,37.38,34.99,0
51.65,21.22,28.26,0
137.3,7.94,41.53,0
152.36,31.05,54.0,1
156.3,56.39,71.15,1
41.2,50.41,37.96,1
48.98,33.24,37.52,1
66.42,34.88,55.79,1
81.35,53.34,28.66,1
251.38,26.09,78.91,1
1.34,14.36,21.72,0
189.39,30.67,58.19,1
115.36,58.23,50.03,1
100.13,10.11,60.88,0
17.55,24.18,43.17,0
0.58,27.75,28.06,0
66.18,42.9,45.9,1
11.77,16.4,34.66,0
75.37,29.76,45.11,1
12.51,42.0,35.88,0
53.22,37.66,24.6,1
14.43,6.27,29.59,0
19.74,20.0,41.8,0
66.63,28.68,52.82,1
7.72,55.53,16.02,0
276.1,26.58,70.81,1
80.92,29.23,63.41,1
1.59,48.84,34.78,0
3.02,31.62,33.85,0
50.72,31.41,35.34,1
76.33,35.84,53.98,1
169.62,8.43,57.24,0
200.12,52.45,54.31,1
26.55,27.81,28.19,0
2.95,14.48,46.35,0
2.29,30.66,36.79,0
71.31,18.16,46.31,1
3.55,24.35,18.6,0
6.48,50.84,46.25,1
20.6,19.55,41.09,0
47.98,27.9,45.3,1
3.34,10.65,52.24,0
1.87,27.05,21.6,0
85.24,30.56,52.66,1
240.82,12.68,82.76,1
73.34,10.66,51.29,0
8.13,34.48,27.96,0
79.85,11.6,28.2,0
252.83,52.59,83.0,1
104.86,14.88,56.49,1
148.54,12.14,49.88,1
5.67,30.18,44.04,0
77.82,20.78,52.31,1
4.57,22.39,30.27,0
58.15,44.33,41.17,1
16.6,39.17,24.29,0
33.82,26.44,25.77,0
97.63,30.48,37.49,1
54.57,26.12,22.83,0
173.23,32.53,54.0,1
41.46,39.24,28.02,1
78.63,5.95,33.43,0
69.6,21.25,31.64,0
44.65,24.89,38.6,0
55.8,18.96,51.45,1
5.7,46.18,32.84,0
49.54,28.48,39.24,1
31.02,19.6,27.23,0
12.41,12.48,44.94,0
6.17,43.31,38.55,0
267.56,33.02,83.67,1
32.44,46.72,17.51,1
56.0,13.33,29.94,0
40.0,18.37,45.92,0
69.43,24.36,43.47,1
1.04,58.55,43.91,1
100.39,25.4,38.64,1
2.09,13.14,14.48,0
249.52,50.61,78.59,1
85.92,48.0,55.09,1
56.9,49.0,39.01,1
5.81,38.49,35.68,0
126.01,44.03,40.19,1
3.79,6.06,35.62,0
13.96,43.96,47.43,1
262.04,44.77,95.66,1
58.54,43.24,32.25,1
8.73,51.11,30.73,1
136.77,24.07,53.46,1
211.06,34.2,51.38,1
2.02,46.57,35.25,0
22.07,11.22,37.85,0
153.24,49.78,48.75,1
93.05,26.68,54.96,1
275.41,6.76,76.99,0
35.01,29.01,51.85,1
1.56,5.65,41.45,0
40.42,21.12,39.76,0
1.91,30.25,15.59,0
0.14,25.38,39.81,0
35.4,13.64,45.19,0
85.85,9.06,35.44,0
269.53,29.31,73.34,1
4.57,33.32,24.52,0
9.03,17.93,56.67,0
55.65,30.94,53.75,1
113.97,9.2,54.9,0
186.04,13.55,74.53,1
169.52,51.43,57.19,1
272.9,11.28,66.49,0
3.01,53.52,25.31,0
0.67,56.99,20.06,0
2.97,26.52,44.38,0
74.59,22.65,55.7,1
231.84,37.71,86.13,1
104.34,37.73,48.73,1
8.85,17.46,37.65,0
19.29,45.73,31.16,1
7.17,31.56,26.58,0
53.66,15.42,43.17,0
6.75,53.9,30.67,1
77.62,20.35,63.93,1
72.13,45.85,53.4,1
211.26,27.7,79.2,1
0.88,50.93,27.92,0
69.41,48.77,35.89,1
87.29,32.34,38.32,1
219.05,43.98,77.06,1
69.42,36.86,53.31,1
228.82,51.96,76.08,1
138.59,32.72,58.86,1
195.51,57.57,60.28,1
11.81,59.67,26.87,1
114.71,9.26,67.85,0
3.21,46.12,43.21,1
2.83,21.65,26.81,0
10.51,56.06,20.55,1
8.53,19.25,34.75,0
5.72,24.08,16.09,0
69.11,32.7,59.19,1
30.3,17.23,30.44,0
5.78,29.15,18.0,0
1.1,37.3,10.46,0
63.8,5.68,50.9,0
30.28,32.12,35.57,0
1.65,58.7,40.59,1
113.19,28.28,38.4,1
62.99,51.45,51.07,1
93.35,49.71,46.01,1
257.56,31.9,77.86,1
36.26,29.19,52.05,1
70.42,9.93,30.52,0
72.57,50.47,54.18,1
0.51,31.78,24.75,0
8.26,19.44,36.2,0
14.27,58.65,26.65,1
16.13,33.77,47.39,0
79.6,53.2,47.75,1
119.96,39.22,57.45,1
8.73,22.43,44.16,0
15.53,18.39,44.48,0
262.05,9.64,74.72,0
9.9,21.89,29.95,0
2.57,34.15,10.0,0
79.34,11.76,29.78,0
47.54,7.6,40.77,0
27.43,29.56,26.39,0
90.3,24.92,49.09,1
58.16,9.56,38.63,0
24.33,24.44,40.82,0
104.48,29.13,47.68,1
70.08,28.78,28.83,1
103.33,16.19,37.59,1
11.39,24.68,38.75,0
81.67,6.25,49.54,0
68.13,20.87,43.49,1
185.46,54.7,73.21,1
247.25,46.87,63.92,1
70.39,9.23,31.54,0
47.14,37.62,27.08,1
138.98,6.7,61.26,0
8.56,10.8,31.59,0
23.28,31.22,26.11,0
10.64,6.8,29.68,0
71.5,51.7,45.92,1
15.96,19.58,49.15,0
77.2,24.45,50.3,1
4.34,22.56,35.33,0
5.71,44.62,33.84,0
4.67,10.62,51.23,0
146.75,54.17,76.33,1
5.06,14.56,36.5,0
71.47,27.13,35.03,1
245.97,46.21,76.84,1
261.82,32.07,63.86,1
0.24,10.97,20.33,0
68.19,17.45,41.33,0
102.79,17.4,54.41,1
81.39,37.35,43.73,1
135.51,23.69,72.13,1
221.4,38.57,72.77,1
9.56,33.08,40.15,0
24.96,45.31,29.41,1
3.08,7.93,34.94,0
8.0,45.86,28.29,0
13.29,36.77,26.05,0
53.18,55.12,51.63,1
0.01,18.58,19.55,0
67.61,26.85,41.21,1
111.2,50.73,30.04,1
78.96,9.81,63.13,0
8.99,35.2,28.94,0
31.24,16.42,38.71,0
40.08,22.98,32.16,0
200.38,29.13,62.09,1
46.28,16.26,52.05,0
110.77,51.75,30.67,1
77.57,30.04,50.4,1
203.85,20.4,57.1,1
53.97,22.56,38.46,0
170.91,22.07,71.1,1
0.74,7.82,32.36,0
100.58,12.07,49.23,1
121.44,10.58,54.24,0
210.02,14.2,54.58,1
15.78,35.71,31.96,0
76.43,37.71,32.8,1
8.92,30.99,40.02,0
42.98,47.91,52.59,1
70.04,38.25,38.46,1
67.96,23.19,33.85,1
257.41,36.87,66.38,1
104.35,29.33,74.1,1
65.81,20.46,47.17,1
189.68,5.07,64.46,0
3.25,34.41,30.49,0
1.4,18.32,29.24,0
1.47,42.52,29.22,0
8.74,21.36,39.12,0
42.44,26.02,32.8,0
55.79,19.54,42.6,0
7.16,59.53,38.84,1
38.31,20.64,24.18,0
83.07,25.17,44.69,1
70.63,9.72,38.93,0
50.72,5.7,61.49,0
278.53,49.69,84.37,1
5.38,54.22,26.98,1
0.34,25.33,38.89,0
13.35,23.5,27.88,0
96.82,26.3,46.6,1
1.34,44.69,42.79,0
65.3,44.82,38.22,1
9.34,46.64,18.17,0
10.51,35.48,39.88,0
0.76,39.51,16.15,0
1.21,32.39,22.12,0
104.9,22.65,44.63,1
1.3,56.37,15.25,0
112.72,39.46,67.36,1
35.16,39.63,36.9,1
251.69,37.21,82.34,1
33.39,22.41,26.88,0
10.81,57.02,20.4,1
77.55,5.85,45.89,0
61.19,20.56,45.36,1
231.73,39.91,76.01,1
195.56,39.11,53.3,1
228.6,22.92,75.0,1
115.6,33.13,46.28,1
7.49,33.98,24.76,0
17.44,8.19,35.14,0
22.98,28.77,25.46,0
2.93,30.49,35.57,0
1.49,30.98,10.61,0
47.05,18.48,40.52,0
1.3,30.08,41.13,0
26.72,20.22,25.12,0
9.02,56.59,42.76,1
50.9,59.58,26.17,1
78.11,13.0,58.52,1
2.11,27.76,26.5,0
76.34,54.82,61.61,1
215.58,6.37,61.57,0
1.7,51.98,30.0,0
5.71,25.74,48.67,0
34.76,36.05,29.87,0
2.9,17.94,10.0,0
77.54,15.44,57.47,1
1.06,10.63,28.76,0
113.95,29.71,51.64,1
1.89,17.54,20.07,0
63.67,26.85,42.52,1
84.55,10.05,30.72,0
36.05,17.21,51.93,0
279.67,27.66,81.28,1
101.28,12.53,53.82,1
6.81,21.08,28.87,0
93.82,6.42,66.75,0
79.14,26.07,36.73,1
51.07,57.7,48.98,1
8.27,28.1,30.99,0
19.61,47.36,39.27,1
26.33,40.26,41.02,1
8.93,36.67,22.43,0
47.14,24.49,32.75,0
66.46,22.84,34.85,1
6.01,7.05,29.32,0
73.18,9.21,44.47,0
69.05,33.34,33.78,1
76.83,34.04,53.56,1
101.26,17.78,54.13,1
4.61,8.48,11.36,0
51.62,16.97,46.35,0
11.24,55.72,49.73,1
52.4,26.34,29.68,0
62.93,58.0,27.31,1
2.07,49.22,31.67,0
54.94,21.74,44.04,0
91.33,34.15,53.37,1
134.57,27.67,62.15,1
208.97,41.86,59.06,1
179.31,36.34,72.93,1
50.54,24.77,41.17,0
36.29,8.63,27.77,0
5.04,30.06,14.78,0
49.0,8.64,42.26,0
2.03,52.56,21.82,0
2.33,6.6,35.71,0
20.41,24.69,45.81,0
7.85,6.74,16.42,0
43.93,41.53,54.12,1
8.94,21.3,38.58,0
110.28,31.0,44.7,1
2.52,44.06,35.13,0
51.2,29.32,38.69,1
41.49,35.96,42.13,1
114.91,19.85,72.21,1
107.31,32.78,54.82,1
109.09,23.02,49.11,1
116.8,19.21,62.58,1
2.28,47.22,17.87,0
0.47,43.09,36.37,0
30.25,20.34,37.92,0
27.73,27.78,27.65,0
3.23,6.12,22.98,0
265.32,20.11,86.01,1
3.0,13.2,21.31,0
114.06,34.38,63.48,1
11.56,55.36,44.0,1
118.39,57.82,47.09,1
89.39,21.48,39.74,1
137.1,52.45,44.43,1
17.72,27.32,40.89,0
64.33,27.04,44.96,1
160.29,22.88,57.98,1
186.92,11.36,53.59,0
99.97,16.92,46.14,1
5.01,24.45,39.75,0
1.13,12.43,27.87,0
237.06,57.97,76.45,1
12.13,13.97,23.12,0
76.12,31.07,48.27,1
22.8,34.83,21.58,0
15.37,52.9,33.55,1
185.52,45.34,74.33,1
10.92,19.12,26.69,0
146.63,37.71,49.82,1
6.3,26.72,45.41,0
3.52,7.73,32.28,0
3.99,9.07,20.53,0
63.13,50.82,51.53,1
76.85,13.6,49.36,1
174.23,12.58,64.92,1
72.39,5.22,25.59,0
255.3,29.7,90.39,1
12.91,21.03,39.23,0
11.24,6.35,41.44,0
64.45,6.52,28.57,0
230.28,23.55,74.37,1
43.72,24.09,22.49,0
204.26,37.55,75.81,1
4.14,40.54,39.25,0
60.23,28.05,28.96,1
2.69,10.02,29.12,0
123.18,57.15,63.12,1
47.97,9.84,48.48,0
264.15,47.67,70.45,1
19.7,16.07,37.76,0
46.09,25.84,52.49,1
1.23,16.54,35.56,0
102.52,48.75,58.69,1
57.2,38.3,33.3,1
19.07,52.27,53.9,1
5.26,47.49,23.85,0
6.2,16.99,19.14,0
67.25,11.42,41.21,0
7.37,26.25,30.96,0
19.97,18.45,45.25,0
7.38,11.28,27.32,0
88.09,13.5,49.48,1
166.19,59.5,75.81,1
69.36,42.81,38.87,1
7.66,58.92,43.33,1
78.13,55.06,30.05,1
3.17,39.56,26.63,0
72.17,15.56,51.24,1
2.27,31.18,28.58,0
85.37,7.86,33.34,0
89.67,9.42,40.04,0
5.72,25.65,37.09,0
47.54,34.05,34.26,1
87.13,6.52,31.18,0
5.6,41.68,31.99,0
4.37,17.7,45.99,0
1.04,21.24,26.2,0
13.34,18.61,18.15,0
80.17,31.99,43.03,1
255.11,29.97,85.72,1
8.59,24.91,20.19,0
20.4,10.45,33.71,0
57.99,49.9,32.97,1
46.01,10.95,14.68,0
3.35,59.12,12.2,0
97.24,50.03,46.74,1
9.11,15.68,38.05,0
8.47,14.1,23.78,0
8.58,46.35,18.68,0
8.13,47.43,24.38,0
151.23,42.15,57.91,1
10.44,42.45,17.68,0
43.11,12.74,23.37,0
27.66,6.7,32.2,0
9.99,43.69,42.34,1
0.27,32.89,20.87,0
6.58,29.3,45.69,0
16.55,54.66,31.75,1
3.51,18.15,27.69,0
20.69,49.42,50.13,1
12.19,16.58,23.79,0
60.1,14.27,29.73,0
196.84,54.09,73.85,1
44.25,22.51,43.25,0
279.0,50.57,72.61,1
3.22,10.22,16.52,0
7.45,37.46,44.97,0
0.98,22.37,44.89,0
234.58,14.88,79.77,1
78.55,15.89,38.73,1
44.03,5.38,50.21,0
45.16,25.64,37.67,0
0.36,46.46,33.39,0
197.45,35.29,73.03,1
17.35,13.35,33.37,0
229.04,5.4,72.47,0
239.28,32.42,90.6,1
57.69,50.17,46.16,1
8.34,51.46,22.94,0
139.45,43.17,48.56,1
0.59,25.96,16.96,0
18.5,34.28,25.87,0
223.42,41.95,72.66,1
93.68,49.78,46.06,1
97.72,33.76,40.1,1
160.52,47.52,52.61,1
21.8,14.74,31.15,0
11.54,24.49,29.72,0
107.93,44.67,57.18,1
18.67,24.98,32.46,0
147.49,33.7,65.4,1
65.34,41.95,49.62,1
49.05,16.78,44.69,0
115.84,31.72,34.0,1
107.72,6.28,48.94,0
54.2,46.8,39.04,1
53.58,34.98,29.07,1
60.15,51.05,53.06,1
103.36,11.73,35.45,0
3.29,27.52,32.94,0
64.05,33.84,43.26,1
6.1,16.83,23.12,0
16.63,25.85,18.87,0
84.42,11.47,50.14,0
13.91,20.44,19.24,0
0.62,31.17,24.37,0
71.85,55.97,56.93,1
1.34,32.76,29.92,0
10.49,29.75,16.71,0
1.41,11.29,26.52,0
61.17,44.06,46.92,1
39.42,9.75,33.36,0
22.6,57.47,10.83,1
49.8,28.27,38.84,1
160.64,24.94,45.69,1
75.27,10.07,43.83,0
0.81,54.16,40.48,1
107.54,32.73,31.19,1
81.41,32.64,34.55,1
32.81,7.41,22.22,0
14.61,38.92,41.39,0
6.12,20.71,29.46,0
12.17,33.17,24.2,0
107.58,30.07,67.28,1
6.64,22.65,10.0,0
39.89,49.16,54.36,1
41.9,32.68,19.83,0
47.88,7.34,40.8,0
15.29,33.45,34.45,0
55.12,6.33,30.06,0
111.96,59.3,35.47,1
97.78,28.66,36.54,1
99.1,31.74,65.34,1
14.48,36.98,24.91,0
56.25,24.67,37.94,1
114.06,13.79,64.08,1
59.3,33.79,49.58,1
13.89,20.2,32.71,0
44.15,28.65,35.96,0
8.4,37.66,18.5,0
73.83,42.2,28.16,1
94.95,44.36,36.22,1
81.61,11.94,28.81,0
111.48,27.75,37.45,1
158.77,23.16,68.9,1
77.64,17.57,57.32,1
6.81,14.77,21.09,0
3.41,52.4,32.62,1
5.02,14.5,30.0,0
3.75,10.45,25.24,0
239.74,28.78,64.81,1
5.71,15.51,41.45,0
100.41,20.21,27.72,1
67.95,16.93,22.38,0
2.04,50.78,13.58,0
87.55,36.02,68.65,1
6.89,18.54,51.83,0
86.04,52.12,52.63,1
85.64,15.08,45.81,1
3.04,43.64,18.24,0
8.14,12.11,22.99,0
14.87,54.0,27.14,1
5.07,17.97,35.09,0
55.99,27.15,36.27,1
1.92,35.56,21.65,0
18.5,9.3,38.85,0
174.25,52.18,53.34,1
2.07,6.67,39.99,0
19.68,31.07,32.98,0
15.77,6.11,20.14,0
259.59,7.6,67.52,0
127.67,30.67,63.54,1
84.28,56.46,38.99,1
1.86,24.96,25.3,0
84.84,25.74,35.85,1
5.0,17.25,35.4,0
65.57,49.66,47.33,1
105.38,11.84,47.87,0
40.56,27.1,27.34,0
178.11,27.38,73.11,1
2.81,55.67,32.35,1
96.67,6.15,47.98,0
90.68,29.72,38.01,1
92.72,55.75,44.43,1
71.88,52.83,48.31,1
169.56,24.04,64.4,1
58.59,31.83,32.35,1
0.72,58.53,21.07,0
205.14,22.57,71.18,1
2.63,37.91,32.89,0
106.33,15.61,58.54,1
3.83,32.13,15.59,0
206.7,21.9,70.82,1
5.54,28.54,29.54,0
63.53,34.28,52.13,1
4.4,19.8,41.61,0
5.46,35.48,42.17,0
145.87,52.56,72.03,1
3.29,32.51,23.25,0
76.99,58.27,36.09,1
80.3,19.31,41.6,1
8.03,37.78,27.84,0
4.62,54.66,17.22,0
80.4,27.11,26.82,1
83.93,54.69,59.43,1
22.8,36.87,29.68,0
3.55,9.88,48.65,0
111.13,59.3,51.3,1
15.93,22.25,44.14,0
2.1,21.18,19.69,0
91.68,48.98,32.68,1
9.17,6.37,32.42,0
13.9,20.26,27.49,0
89.92,19.14,59.82,1
62.85,41.94,44.15,1
12.67,13.31,25.78,0
88.72,28.97,60.19,1
8.68,49.12,23.9,0
31.89,18.47,33.56,0
68.41,27.88,37.94,1
94.99,44.74,32.98,1
34.06,19.1,42.63,0
3.62,31.4,45.62,0
260.82,42.94,83.72,1
4.72,6.78,15.54,0
41.57,11.13,32.63,0
64.41,53.5,40.52,1
2.18,39.11,52.74,0
34.21,41.76,22.76,1
40.43,8.35,34.28,0
14.57,28.7,36.75,0
11.39,10.65,37.16,0
9.49,34.22,43.58,0
19.83,28.54,40.18,0
97.13,33.03,54.66,1
9.01,12.99,24.16,0
101.01,40.24,35.04,1
10.78,10.96,23.19,0
81.51,58.44,52.45,1
95.04,42.57,38.49,1
64.15,26.07,43.51,1
40.25,9.83,25.61,0
0.67,53.56,28.54,0
92.02,39.5,48.26,1
265.02,8.36,75.25,0
6.75,32.53,39.37,0
5.42,55.78,46.35,1
43.8,27.79,43.74,1
167.44,25.69,54.84,1
109.59,38.33,64.3,1
8.94,48.21,16.05,0
0.58,5.3,31.96,0
55.24,8.68,20.73,0
113.62,26.23,42.47,1
87.05,24.86,63.03,1
5.93,12.98,26.58,0
29.78,23.76,54.15,0
29.61,31.41,23.21,0
3.08,13.18,42.66,0
4.25,25.27,35.54,0
78.83,50.25,42.0,1
13.91,15.7,35.58,0
7.9,6.7,34.43,0
14.51,24.67,35.95,0
82.57,32.23,37.36,1
5.95,45.19,34.44,0
156.97,29.95,58.01,1
79.58,31.37,28.96,1
75.81,51.72,38.65,1
177.67,29.41,53.61,1
36.91,33.13,41.75,1
152.39,34.74,54.36,1
7.94,20.71,34.59,0
6.61,59.44,43.04,1
95.26,22.0,45.87,1
4.04,33.93,42.33,0
81.4,5.35,43.03,0
74.3,42.13,20.67,1
107.66,18.46,34.02,1
2.4,46.64,36.29,0
28.61,10.61,54.64,0
15.6,12.78,33.03,0
167.49,32.19,59.34,1
6.24,20.23,33.46,0
12.6,21.3,43.06,0
1.07,43.98,34.04,0
8.96,24.15,42.68,0
4.06,28.78,34.88,0
117.67,54.77,56.8,1
1.15,53.2,24.6,0
11.45,7.06,30.57,0
20.7,17.63,37.8,0
97.48,57.76,42.43,1
21.53,52.8,17.44,1
61.68,37.22,26.31,1
61.16,35.86,40.61,1
60.62,5.36,36.26,0
9.46,32.89,47.1,0
108.61,6.11,31.71,0
41.64,22.19,45.5,0
3.15,32.3,20.03,0
111.25,48.16,52.48,1
189.67,38.03,61.41,1
2.59,32.72,41.01,0
111.63,31.57,59.95,1
1.12,33.26,32.03,0
26.04,36.44,43.59,1
68.11,20.9,42.9,1
71.44,32.95,23.27,1
97.51,34.72,50.4,1
232.81,25.82,78.79,1
15.78,34.14,33.08,0
23.78,6.37,30.75,0
7.34,20.92,42.23,0
8.0,48.66,22.35,0
120.93,30.77,47.77,1
72.19,39.36,55.8,1
98.98,51.35,59.72,1
50.57,33.38,26.31,1
55.52,37.78,46.4,1
19.83,16.22,28.07,0
24.27,25.45,35.85,0
26.4,32.26,31.45,0
62.88,35.37,42.51,1
19.13,17.03,41.34,0
25.77,31.86,29.01,0
76.03,21.54,22.93,0
19.76,16.12,42.13,0
79.7,5.78,40.39,0
8.92,50.78,42.22,1
71.78,52.77,40.52,1
111.42,26.46,39.77,1
258.47,12.08,65.51,1
0.43,27.5,18.01,0
69.21,30.66,37.95,1
41.92,49.92,32.36,1
58.58,53.92,54.24,1
1.86,5.99,27.1,0
1.67,5.68,29.3,0
44.27,26.76,34.42,0
25.1,50.16,18.35,1
31.86,35.9,25.79,0
74.23,42.49,58.33,1
5.54,32.55,51.17,0
4.26,35.24,18.92,0
11.44,56.21,30.71,1
98.67,5.16,61.35,0
66.73,20.18,38.61,1
104.4,25.17,43.62,1
16.96,21.28,43.51,0
163.93,32.95,58.15,1
99.1,7.29,43.26,0
49.83,30.94,42.04,1
11.9,26.4,13.31,0
96.82,8.17,43.5,0
246.47,15.36,87.9,1
73.19,37.66,46.97,1
70.84,24.11,37.44,1
83.2,13.75,34.42,0
15.52,26.25,25.6,0
3.28,35.58,17.24,0
1.49,21.04,43.24,0
16.33,52.68,41.0,1
2.98,30.48,23.63,0
10.88,15.7,31.65,0
28.08,12.34,41.34,0
84.66,21.93,47.25,1
4.46,8.02,26.39,0
195.28,34.97,67.35,1
2.21,17.19,17.81,0
78.07,39.52,57.64,1
209.24,18.76,70.24,1
41.43,56.42,47.59,1
192.48,28.88,75.49,1
115.5,21.81,71.67,1
7.1,56.42,20.07,0
0.87,37.13,21.3,0
24.97,29.23,35.63,0
97.63,46.9,30.54,1
11.71,38.27,42.42,0
233.48,34.46,89.35,1
42.3,51.18,43.0,1
9.95,58.91,28.62,1
191.38,42.29,50.41,1
51.11,52.66,30.35,1
60.33,10.3,54.54,0
54.33,55.3,32.6,1
12.02,32.85,10.0,0
5.55,42.65,20.44,0
3.95,37.57,52.16,0
2.84,8.59,41.12,0
5.55,46.42,37.44,0
13.99,6.72,33.5,0
120.54,33.2,51.24,1
6.64,26.62,25.88,0
47.11,7.8,33.12,0
83.32,35.79,46.85,1
252.31,37.35,84.31,1
14.3,17.06,24.32,0
97.25,41.59,40.7,1
43.14,28.33,40.1,0
3.76,22.07,19.97,0
8.11,50.8,38.05,1
18.2,40.43,26.6,0
12.21,13.06,28.92,0
67.34,33.38,35.92,1
11.71,16.93,36.3,0
17.96,12.55,39.09,0
250.24,48.09,75.99,1
3.99,11.51,37.0,0
19.63,42.0,21.03,0
98.6,6.83,27.68,0
3.71,57.42,28.91,1
4.0,24.35,19.53,0
88.76,5.47,36.28,0
115.65,30.55,66.85,1
89.76,50.02,55.2,1
6.07,9.08,34.26,0
16.16,12.43,31.0,0
99.94,29.2,37.49,1
77.14,23.66,52.71,1
30.72,32.81,28.3,0
107.69,31.18,59.4,1
178.93,9.04,43.51,0
46.83,38.99,42.95,1
115.49,20.87,58.11,1
81.19,6.17,54.0,0
9.54,32.02,56.22,0
36.26,27.49,41.74,0
10.4,6.41,28.71,0
116.05,8.69,59.45,0
4.58,37.13,26.15,0
275.6,42.5,70.85,1
40.66,31.33,46.34,1
49.25,42.63,31.12,1
109.7,18.83,63.38,1
7.01,43.14,47.31,1
51.85,27.91,62.96,1
248.95,21.9,62.42,1
64.28,32.49,47.83,1
80.99,29.09,55.37,1
98.05,29.8,64.56,1
71.92,9.42,33.26,0
10.06,28.79,26.03,0
12.04,9.28,38.21,0
61.31,39.46,37.8,1
275.84,44.88,79.22,1
13.22,25.32,28.01,0
10.2,29.86,26.59,0
41.48,25.82,43.33,0
41.2,59.27,32.98,1
33.92,47.3,43.87,1
142.99,30.59,41.16,1
3.19,21.9,29.7,0
140.38,54.2,47.64,1
71.04,33.9,52.64,1
58.07,20.9,30.92,0
272.55,31.39,92.88,1
254.11,34.93,84.41,1
231.0,50.43,73.62,1
4.42,44.21,42.58,0
7.16,37.89,31.31,0
131.39,52.61,46.82,1
31.19,21.61,37.0,0
67.88,44.32,23.67,1
5.06,27.59,36.51,0
2.77,16.05,46.31,0
109.04,7.88,40.89,0
52.6,46.63,34.96,1
80.66,26.63,60.93,1
4.69,46.1,32.31,0
134.6,46.46,67.74,1
85.71,33.88,44.65,1
2.91,7.02,43.34,0
66.47,10.88,49.2,0
4.87,15.07,30.89,0
71.33,8.0,38.71,0
128.0,21.99,59.88,1
192.95,39.37,77.2,1
268.65,35.25,86.51,1
14.49,49.69,42.53,1
94.94,29.06,47.07,1
41.6,20.94,43.99,0
60.82,23.67,58.49,1
90.13,49.97,60.67,1
42.67,41.35,35.87,1
109.96,22.72,38.02,1
10.34,27.33,43.4,0
25.78,6.75,45.72,0
110.11,17.33,63.2,1
277.47,47.88,72.43,1
106.23,58.49,55.4,1
4.94,31.81,10.0,0
116.56,41.76,43.07,1
232.03,37.91,75.99,1
4.68,8.42,32.09,0
4.47,35.79,29.69,0
54.75,41.41,40.34,1
160.47,19.26,52.75,1
273.45,50.45,70.97,1
61.28,13.32,27.24,0
63.52,25.68,54.74,1
61.8,33.7,32.96,1
17.6,27.37,22.83,0
43.58,27.34,47.86,1
40.87,34.52,37.34,1
180.31,34.72,65.02,1
151.27,41.68,62.49,1
47.04,16.53,50.48,0
43.33,51.74,27.74,1
209.49,37.94,73.35,1
63.72,8.6,47.73,0
92.37,9.21,33.02,0
66.78,47.44,37.92,1
0.18,29.11,28.07,0
265.83,55.68,63.07,1
61.93,10.83,56.99,0
2.92,14.3,39.0,0
1.02,57.67,25.76,1
107.6,40.06,38.26,1
7.93,30.65,51.67,0
42.55,9.4,37.41,0
8.5,55.24,36.2,1
77.95,26.18,43.95,1
46.71,31.57,55.55,1
98.95,38.66,56.86,1
9.9,35.95,18.24,0
3.64,46.75,27.61,0
29.44,26.48,40.67,0
5.88,25.5,41.34,0
246.17,53.34,63.98,1
6.08,44.2,38.39,0
24.17,46.08,29.16,1
13.72,15.92,40.61,0
8.77,32.38,40.96,0
112.66,11.43,44.79,0
34.73,33.17,29.29,0
89.4,41.23,38.87,1
3.18,18.44,37.6,0
113.09,26.16,43.8,1
7.54,51.87,27.33,1
57.25,32.02,42.16,1
38.16,22.4,35.48,0
24.93,56.17,46.77,1
116.93,20.98,43.77,1
11.22,36.37,18.01,0
5.42,38.18,39.17,0
14.04,35.4,29.02,0
8.94,5.84,24.43,0
85.67,8.7,59.83,0
140.25,32.36,58.22,1
115.93,14.33,50.28,1
17.12,54.84,42.76,1
61.0,14.01,34.17,0
123.24,16.56,40.73,1
24.92,59.19,24.11,1
71.85,34.5,47.06,1
102.44,19.17,64.11,1
1.08,19.11,16.09,0
2.48,14.48,22.7,0
191.03,22.51,69.02,1
17.41,42.64,38.92,1
6.92,31.66,23.63,0
99.7,37.33,56.68,1
28.98,22.97,34.16,0
26.87,20.55,24.82,0
24.59,53.38,15.31,1
1.8,34.46,19.11,0
176.57,57.3,57.54,1
18.7,22.42,36.52,0
91.48,23.7,36.36,1
0.21,46.38,32.08,0
107.47,16.63,34.46,1
20.57,33.79,42.47,0
36.03,31.69,49.25,1
3.37,18.51,15.83,0
103.31,19.45,55.6,1
4.87,39.11,17.52,0
3.88,21.09,29.4,0
23.6,57.35,20.05,1
21.77,39.38,40.38,1
216.25,20.14,69.39,1
188.45,47.31,72.66,1
118.28,35.16,42.52,1
86.66,18.8,38.83,1
131.58,13.39,55.14,1
29.06,22.18,47.06,0
189.08,19.62,45.74,1
3.24,41.51,38.27,0
51.64,42.48,32.27,1
12.78,35.91,13.15,0
34.68,13.93,31.57,0
113.46,13.24,64.63,1
11.47,12.94,19.74,0
202.06,6.91,83.45,0
177.69,48.26,57.89,1
73.36,18.38,36.79,0
32.68,55.0,44.9,1
20.34,39.69,16.91,0
0.8,34.23,20.48,0
24.24,21.12,32.0,0
6.77,46.22,41.58,1
9.67,48.26,36.38,1
4.32,19.55,24.72,0
14.25,23.64,30.69,0
253.96,30.12,79.34,1
204.04,7.29,62.25,0
4.29,32.52,28.31,0
103.84,20.79,49.03,1
217.53,10.9,73.46,0
4.83,26.71,29.0,0
0.63,34.87,29.13,0
3.3,21.07,30.63,0
94.35,25.26,71.0,1
147.74,59.14,61.27,1
40.4,35.43,39.09,1
19.95,55.75,44.73,1
67.68,40.61,56.8,1
7.78,8.56,30.63,0
92.58,18.99,43.56,1
88.37,28.48,30.26,1
2.04,15.02,42.62,0
96.09,54.54,34.1,1
43.02,30.86,28.54,0
66.01,31.97,42.08,1
19.56,58.84,39.15,1
44.46,23.19,28.97,0
178.27,15.08,70.52,1
46.26,55.76,48.09,1
8.26,34.1,27.56,0
220.23,31.83,75.62,1
2.67,53.28,33.25,1
90.85,59.25,60.12,1
6.57,57.34,33.34,1
5.94,49.23,40.15,1
11.52,28.1,16.73,0
5.31,42.5,24.32,0
47.76,29.72,28.69,0
100.19,30.83,42.31,1
85.26,28.86,54.04,1
15.51,32.46,27.38,0
97.81,47.99,39.58,1
88.4,25.36,25.87,1
5.4,51.63,40.51,1
14.46,27.18,26.33,0
1.97,43.21,22.75,0
78.08,54.5,48.56,1
8.29,38.86,29.46,0
8.28,43.71,37.17,0
99.57,59.9,43.37,1
116.05,19.95,52.26,1
5.68,6.77,16.26,0
14.11,32.84,45.52,0
10.31,35.04,36.59,0
48.0,35.73,42.75,1
2.57,56.66,10.0,0
97.43,31.09,34.0,1
25.67,14.3,40.54,0
1.04,20.87,35.27,0
137.44,52.39,54.25,1
32.23,8.22,29.9,0
12.91,59.79,50.59,1
15.3,25.19,38.47,0
57.54,56.89,39.51,1
6.13,11.19,25.28,0
13.35,29.23,41.21,0
15.41,16.58,38.65,0
7.02,41.02,32.23,0
64.1,52.67,38.5,1
14.45,29.34,48.16,0
49.12,33.78,22.95,0
13.68,21.19,18.27,0
17.03,23.13,47.29,0
5.18,6.49,36.64,0
2.59,49.4,53.8,1
8.34,30.48,29.97,0
214.49,10.38,82.51,0
167.66,58.58,67.56,1
4.95,10.37,39.74,0
1.66,37.0,21.35,0
13.89,47.43,12.71,0
61.56,14.42,38.72,0
145.49,42.72,69.14,1
19.67,28.98,28.38,0
91.04,23.97,42.47,1
196.65,32.46,57.94,1
213.34,17.85,54.1,1
16.98,32.93,35.9,0
95.62,6.13,65.62,0
48.13,48.46,32.9,1
3.12,51.83,36.25,1
252.63,20.84,93.34,1
7.32,5.78,32.8,0
108.35,50.99,61.2,1
105.05,59.31,34.15,1
18.19,43.29,26.8,0
7.17,8.19,24.94,0
54.89,27.59,34.32,1
204.76,56.32,79.59,1
259.89,24.98,89.28,1
108.32,19.48,42.38,1
13.44,48.0,40.55,1
9.98,40.32,28.18,0
200.22,33.92,84.33,1
87.35,20.44,42.27,1
79.63,23.13,26.76,1
119.33,14.48,55.31,1
3.61,24.64,30.22,0
264.29,42.84,70.48,1
10.08,19.79,29.33,0
7.96,18.07,30.1,0
247.79,5.59,83.49,0
109.11,34.08,45.9,1
247.76,22.74,82.46,1
17.49,42.09,28.63,0
8.62,28.25,33.52,0
70.24,26.92,31.55,1
4.21,28.94,10.0,0
102.13,24.86,42.8,1
20.63,29.31,28.6,0
6.48,44.79,28.77,0
53.13,25.46,55.7,1
68.45,48.11,53.52,1
14.64,45.36,31.77,0
8.48,29.6,42.78,0
118.09,27.81,70.33,1
9.83,7.81,43.95,0
96.31,25.88,37.87,1
257.33,22.87,78.25,1
2.7,7.67,36.08,0
28.3,34.35,39.22,0
107.71,38.89,52.95,1
245.79,15.79,55.69,1
72.6,13.75,52.01,1
7.97,37.57,33.93,0
112.74,40.01,44.3,1
90.1,24.64,37.37,1
9.72,30.21,22.99,0
5.91,56.36,27.91,1
56.09,22.52,34.57,0
3.52,9.23,43.21,0
255.8,17.22,73.8,1
203.95,17.15,68.57,1
83.81,31.71,53.17,1
89.23,36.99,45.51,1
16.37,46.88,31.39,1
1.96,31.64,35.2,0
28.8,56.21,19.51,1
19.79,35.61,28.93,0
48.06,27.52,54.68,1
1.83,33.76,41.4,0
2.79,39.67,35.71,0
4.51,30.42,13.57,0
6.97,10.2,25.02,0
118.79,29.99,38.47,1
61.91,28.03,53.27,1
17.7,55.0,27.68,1
8.68,54.33,40.98,1
3.54,9.2,16.66,0
58.4,32.02,22.43,1
30.12,58.83,39.36,1
2.11,32.75,18.83,0
19.11,56.11,42.91,1
29.74,5.2,46.87,0
9.46,34.43,28.58,0
6.65,51.23,25.42,0
2.03,28.04,41.76,0
122.95,37.24,57.11,1
0.8,58.64,45.86,1
176.87,59.07,59.52,1
76.88,55.24,37.87,1
71.42,30.87,36.27,1
65.73,54.23,38.96,1
108.25,36.07,48.25,1
1.79,11.14,20.2,0
60.55,17.16,40.24,0
49.88,33.96,31.51,1
62.84,29.36,47.28,1
45.84,20.67,27.94,0
80.46,15.99,36.69,1
15.96,32.67,36.3,0
40.46,23.01,24.58,0
24.34,43.81,30.31,1
77.59,34.07,33.4,1
79.37,34.43,56.49,1
11.56,57.98,36.45,1
95.85,12.54,54.43,1
50.17,20.71,53.11,1
1.6,42.04,39.37,0
0.34,29.13,30.69,0
141.52,50.63,63.3,1
122.24,31.28,57.24,1
107.92,24.22,50.28,1
217.01,56.67,89.0,1
0.67,57.04,31.35,1
2.77,27.1,22.53,0
22.13,33.38,24.19,0
48.63,20.14,21.18,0
16.6,9.88,22.15,0
91.9,35.22,36.24,1
76.3,27.98,37.75,1
258.84,59.79,68.25,1
144.5,39.94,57.99,1
105.11,55.32,38.61,1
0.21,10.96,22.02,0
8.88,50.39,35.76,1
108.82,25.15,65.43,1
206.21,22.47,67.74,1
0.05,12.45,35.62,0
2.03,19.32,36.01,0
1.43,23.97,27.0,0
71.81,38.83,37.95,1
9.09,49.98,21.15,0
106.42,10.19,53.54,0
10.78,34.06,42.43,0
25.78,29.34,40.81,0
26.45,24.68,24.33,0
60.27,17.22,43.02,0
9.36,47.3,16.49,0
85.66,46.98,35.43,1
243.49,26.27,74.21,1
33.81,9.16,27.62,0
19.36,5.08,19.77,0
74.78,30.68,44.3,1
79.4,52.45,57.35,1
111.61,15.45,40.92,1
103.17,21.43,41.27,1
43.02,10.38,26.69,0
182.33,58.66,55.44,1
87.93,43.82,31.84,1
13.71,31.41,45.05,0
50.05,47.05,38.86,1
115.47,24.54,59.8,1
91.88,30.83,41.2,1
15.9,37.86,40.05,0
51.56,44.02,53.36,1
118.09,16.75,59.7,1
14.7,36.23,43.32,0
72.74,18.31,36.79,0
4.36,22.17,26.08,0
6.15,5.08,40.93,0
9.83,23.36,30.81,0
9.81,12.8,35.93,0
30.98,48.3,20.06,1
23.43,58.93,25.02,1
121.16,47.9,41.99,1
195.8,25.3,78.55,1
227.05,41.94,79.34,1
1.16,37.87,34.74,0
9.06,34.84,32.62,0
67.58,17.29,43.26,0
0.34,13.91,36.68,0
88.58,45.55,39.22,1
183.67,43.88,69.73,1
78.69,7.11,47.43,0
80.92,30.73,50.91,1
121.78,5.92,34.29,0
100.57,24.78,62.04,1
4.62,18.71,36.41,0
108.72,45.85,57.37,1
31.02,25.79,47.88,0
6.88,10.56,31.07,0
85.19,37.56,48.9,1
11.73,43.12,27.49,0
4.5,53.22,35.46,1
196.46,20.1,61.88,1
16.56,30.94,40.93,0
19.11,46.17,41.43,1
71.21,12.46,49.05,0
69.78,17.15,46.3,1
11.54,22.01,26.77,0
36.05,21.99,45.47,0
240.3,34.86,71.33,1
4.62,33.29,50.48,0
63.22,58.93,45.66,1
106.14,6.4,42.58,0
273.23,5.4,86.88,0
7.57,55.2,31.52,1
0.98,19.54,45.58,0
9.12,27.9,40.83,0
130.69,48.23,43.6,1
52.66,35.14,33.7,1
61.48,29.01,42.29,1
43.47,10.75,46.27,0
192.17,43.31,64.96,1
10.53,59.12,29.16,1
3.75,35.31,41.6,0
108.88,52.27,59.99,1
107.76,22.17,40.12,1
10.9,29.75,25.3,0
10.0,22.06,13.97,0
256.38,25.12,81.5,1
16.71,42.79,29.72,0
24.37,34.27,25.01,0
69.89,45.16,54.37,1
9.87,38.63,14.32,0
3.93,47.21,25.34,0
155.96,22.96,49.94,1
96.35,50.1,39.88,1
82.35,38.2,47.77,1
232.95,37.37,70.14,1
16.11,45.8,37.91,1
12.73,44.66,40.71,1
7.76,23.84,29.64,0
76.04,38.25,44.89,1
167.69,14.44,64.6,1
64.54,37.86,40.32,1
57.99,55.84,47.74,1
4.55,26.33,36.1,0
79.69,9.1,42.15,0
45.72,39.46,35.6,1
149.22,6.0,73.23,0
109.26,34.13,50.51,1
185.52,50.63,55.81,1
0.85,14.86,28.79,0
27.13,35.2,38.06,0
41.26,34.49,44.39,1
100.17,10.98,39.08,0
88.98,57.4,33.36,1
117.77,41.31,58.04,1
116.05,47.22,62.57,1
5.71,7.17,18.14,0
84.32,31.95,47.74,1
15.92,48.65,35.57,1
23.85,31.45,48.71,0
0.69,28.64,25.17,0
265.29,36.06,74.33,1
1.25,23.0,31.47,0
231.15,43.84,83.69,1
84.56,41.11,43.15,1
3.31,20.21,37.52,0
18.03,28.69,22.95,0
0.28,5.55,24.05,0
255.27,24.11,88.76,1
5.12,36.58,21.2,0
73.44,53.54,58.06,1
98.21,25.13,44.24,1
34.16,6.66,53.29,0
9.88,47.66,19.86,0
0.37,56.81,20.51,0
218.0,27.25,59.39,1
7.63,55.1,47.4,1
14.42,38.66,39.96,0
100.34,5.4,38.07,0
6.08,28.94,45.71,0
71.32,43.52,52.43,1
7.78,23.94,29.29,0
191.72,43.35,64.09,1
188.46,16.55,70.01,1
9.14,36.82,40.59,0
163.76,7.94,54.67,0
42.88,26.36,34.37,0
22.03,59.15,31.85,1
35.17,45.07,40.44,1
197.96,12.71,56.53,1
2.44,29.64,38.44,0
10.5,26.62,23.24,0
34.34,28.9,38.36,0
99.85,26.74,58.6,1
35.67,56.58,35.06,1
5.43,33.48,21.86,0
16.14,12.83,37.24,0
3.0,22.21,19.24,0
102.46,46.2,57.79,1
60.4,46.34,50.23,1
5.13,16.84,39.15,0
115.09,37.49,43.82,1
71.42,28.35,32.48,1
45.67,36.02,47.19,1
46.07,30.82,30.95,0
102.63,36.76,64.79,1
67.69,20.32,63.11,1
200.52,57.11,64.75,1
161.37,8.87,39.55,0
35.86,6.26,41.55,0
67.02,17.98,62.69,1
70.49,23.28,34.05,1
119.48,49.89,50.14,1
90.4,28.08,55.86,1
1.43,46.52,15.18,0
2.09,6.87,25.98,0
5.14,31.45,25.46,0
45.33,44.36,35.96,1
50.78,23.88,27.5,0
102.61,49.12,57.28,1
79.03,21.05,63.63,1
201.58,58.44,61.86,1
228.7,11.83,64.11,0
3.5,29.59,24.09,0
4.16,26.15,38.34,0
114.19,35.67,43.17,1
0.85,16.45,31.7,0
74.71,39.86,31.71,1
73.71,46.68,40.22,1
10.01,11.94,24.41,0
16.35,42.19,24.01,0
107.72,34.71,51.33,1
51.12,23.32,39.74,0
208.8,46.95,59.05,1
2.2,58.96,24.65,0
62.0,28.57,43.02,1
104.31,54.59,48.4,1
88.97,9.66,65.46,0
2.74,30.83,27.33,0
14.27,21.92,26.38,0
8.01,20.82,28.31,0
24.38,47.01,46.71,1
3.55,40.85,33.16,0
42.36,53.72,45.93,1
265.8,15.09,85.23,1
231.65,32.29,74.33,1
83.0,38.42,41.08,1
8.31,25.28,26.1,0
20.83,21.2,38.68,0
2.63,20.61,28.73,0
15.22,32.88,50.75,0
10.49,10.4,29.68,0
102.46,32.65,27.52,1
110.42,30.48,61.12,1
7.93,30.44,31.72,0
159.25,17.27,74.4,1
57.73,34.32,35.62,1
19.13,36.69,18.36,0
0.48,41.45,23.91,0
71.93,50.97,43.47,1
20.65,33.65,18.39,0
6.14,57.28,40.38,1
79.85,55.7,44.77,1
106.85,44.74,59.81,1
95.98,58.95,51.09,1
7.02,24.95,43.58,0
0.31,45.38,17.01,0
100.4,29.86,47.53,1
146.52,7.32,48.12,0
4.21,35.15,10.0,0
214.42,33.7,58.79,1
6.13,15.59,34.96,0
65.77,27.52,35.52,1
274.41,41.59,94.63,1
85.02,28.27,32.55,1
9.25,53.61,27.47,1
56.96,39.14,28.49,1
36.93,7.05,46.07,0
1.91,5.95,20.22,0
111.28,24.58,71.68,1
157.71,46.79,57.62,1
98.38,51.48,62.36,1
177.45,20.0,56.43,1
1.03,15.25,33.51,0
141.15,33.05,58.24,1
84.27,31.2,53.57,1
170.88,31.25,51.41,1
44.31,24.11,54.83,1
97.32,19.25,28.77,1
8.61,44.9,40.54,1
12.72,53.14,36.18,1
4.14,31.87,28.43,0
12.36,54.59,27.34,1
9.38,28.91,41.4,0
214.01,44.29,83.28,1
80.38,11.96,46.02,0
223.45,56.06,81.9,1
29.27,36.54,34.29,0
23.4,51.14,46.16,1
0.72,57.07,16.71,0
36.86,24.06,37.71,0
0.59,49.01,12.83,0
55.11,44.21,38.3,1
9.01,19.42,34.89,0
56.56,13.93,49.53,0
82.46,26.26,37.63,1
5.45,56.28,48.86,1
3.04,48.73,34.2,0
14.18,20.94,24.55,0
88.06,37.42,38.92,1
14.1,25.08,32.27,0
64.09,21.92,59.54,1
104.78,51.91,64.35,1
6.78,48.92,39.34,1
16.36,14.9,44.97,0
31.99,30.18,53.24,1
178.4,13.85,54.67,1
16.21,34.04,19.94,0
3.88,18.81,42.41,0
16.42,39.51,37.44,0
12.61,20.16,48.78,0
2.5,23.77,24.36,0
22.13,56.12,43.33,1
40.93,57.5,54.18,1
2.26,21.28,30.17,0
9.19,31.76,24.07,0
7.26,9.35,38.69,0
135.4,21.23,66.3,1
105.62,33.7,64.93,1
108.29,37.1,46.18,1
178.6,25.42,71.06,1
220.14,49.06,55.3,1
90.43,45.38,46.83,1
114.43,35.63,53.86,1
7.86,34.53,29.33,0
156.64,26.87,71.09,1
80.95,55.66,41.23,1
212.53,22.89,67.16,1
5.1,49.17,42.97,1
236.07,52.85,57.8,1
1.91,38.74,46.77,0
3.67,28.95,26.49,0
251.8,55.72,61.55,1
4.15,23.57,51.75,0
0.71,10.06,22.69,0
273.97,35.71,76.47,1
11.57,55.17,14.63,0
5.56,16.29,20.73,0
9.71,50.02,46.65,1
195.37,21.32,79.74,1
22.35,36.16,17.96,0
11.07,33.77,42.22,0
24.71,21.82,38.86,0
5.42,45.98,49.35,1
6.16,54.55,22.1,0
19.62,57.17,39.95,1
24.61,43.04,43.35,1
79.48,33.59,59.1,1
37.71,24.14,51.79,0
86.29,23.52,36.25,1
3.92,32.64,20.69,0
124.55,29.78,50.17,1
12.12,31.12,24.68,0
44.24,37.34,30.16,1
53.53,31.72,37.43,1
239.73,20.38,70.56,1
211.5,8.66,57.25,0
41.52,22.74,37.5,0
49.13,13.71,31.69,0
31.57,34.52,33.65,0
111.48,32.11,52.92,1
73.48,23.25,42.48,1
13.36,41.41,52.37,1
238.79,28.32,73.1,1
4.15,47.09,41.51,1
108.21,36.21,45.33,1
5.25,38.34,39.53,0
97.99,20.53,48.25,1
69.24,7.01,49.34,0
6.16,16.66,37.46,0
63.11,15.01,60.22,1
0.33,21.05,37.05,0
70.92,26.4,54.83,1
68.24,14.68,52.32,1
16.97,6.47,36.83,0
38.33,25.85,38.5,0
7.53,25.06,24.16,0
83.77,13.75,50.99,1
17.0,49.47,32.37,1
15.44,53.81,39.9,1
3.03,6.92,15.98,0
9.31,31.61,39.56,0
81.06,36.81,44.55,1
14.99,19.48,31.15,0
44.66,53.08,33.78,1
44.39,13.89,33.95,0
56.13,26.23,35.64,1
0.61,39.51,31.7,0
21.03,52.76,16.22,1
262.92,23.71,75.92,1
1.16,33.7,24.14,0
5.02,32.35,49.4,0
10.71,11.38,13.49,0
65.98,8.65,33.74,0
47.35,54.86,41.58,1
2.39,33.05,37.21,0
9.57,43.98,14.38,0
153.59,54.12,69.96,1
2.43,31.56,30.9,0
3.33,35.4,26.63,0
11.15,29.84,26.51,0
78.46,30.25,59.44,1
102.18,10.26,43.3,0
73.47,18.72,33.27,0
10.69,18.16,21.06,0
93.18,14.27,47.96,1
259.39,21.58,87.06,1
104.79,19.05,45.25,1
268.39,17.74,68.95,1
0.87,55.98,14.98,0
95.77,20.54,49.61,1
45.19,59.99,28.03,1
3.14,20.17,41.97,0
277.13,48.65,81.6,1
3.21,31.46,18.71,0
12.06,32.46,26.17,0
181.47,58.6,70.22,1
264.44,53.23,83.13,1
16.35,26.28,52.87,0
1.12,59.49,17.39,0
278.81,32.3,71.33,1
83.53,23.83,50.28,1
3.98,14.43,31.5,0
102.71,53.32,48.72,1
157.24,27.27,51.69,1
18.78,25.94,20.2,0
95.64,33.98,25.73,1
241.93,26.66,79.89,1
93.72,37.2,51.51,1
26.17,8.47,42.62,0
35.86,50.33,22.79,1
22.0,7.72,40.94,0
18.4,15.83,30.52,0
50.09,40.65,21.7,1
9.17,36.2,46.17,0
81.75,22.53,46.21,1
165.64,37.95,70.27,1
91.5,48.84,51.07,1
10.75,43.05,28.4,0
5.56,44.3,35.69,0
11.94,31.53,40.91,0
52.17,35.69,39.7,1
8.97,21.57,35.18,0
136.57,18.7,66.88,1
0.19,5.25,20.51,0
33.07,34.63,25.32,0
76.99,37.91,28.91,1
61.94,17.32,56.51,1
43.05,17.14,46.42,0
7.83,56.23,26.68,1
20.96,21.12,18.54,0
265.26,51.73,76.46,1
6.09,21.85,36.7,0
3.46,34.81,19.22,0
17.09,28.31,50.43,0
44.18,19.42,49.96,0
97.39,9.8,32.51,0
124.93,40.61,42.15,1
82.21,11.32,45.55,0
113.24,19.78,66.19,1
219.6,11.8,77.35,0
10.55,29.9,28.28,0
53.69,47.54,39.59,1
149.99,22.44,53.08,1
4.7,20.49,45.92,0
20.33,27.63,23.17,0
61.58,22.94,45.44,1
212.12,51.86,69.39,1
109.77,31.79,40.83,1
114.23,11.48,43.05,0
117.29,26.48,47.57,1
50.62,35.96,41.52,1
30.47,57.3,26.92,1
3.54,19.7,44.98,0
268.08,26.13,84.95,1
24.46,29.67,29.29,0
114.56,37.22,50.82,1
202.01,56.12,63.2,1
1.95,19.8,25.41,0
19.48,30.85,46.18,0
43.39,19.04,31.41,0
8.38,34.45,31.48,0
8.71,34.36,31.69,0
27.18,7.54,33.57,0
30.5,12.61,12.84,0
83.48,38.48,57.77,1
6.21,35.92,24.82,0
60.17,37.43,46.89,1
7.12,29.22,36.66,0
14.7,22.37,21.01,0
4.94,24.32,28.12,0
11.56,24.17,20.32,0
42.64,56.39,22.38,1
140.91,36.85,44.17,1
4.41,32.85,34.5,0
1.49,42.98,33.84,0
16.97,47.46,27.44,1
198.02,14.56,66.51,1
242.28,34.75,83.53,1
254.47,58.54,77.87,1
254.19,31.11,55.38,1
71.64,58.12,41.0,1
58.27,46.62,30.41,1
239.83,59.08,76.87,1
51.66,50.39,43.27,1
71.32,52.69,49.68,1
105.5,25.54,52.31,1
4.24,43.16,42.35,0
1.13,29.74,21.06,0
40.97,17.67,54.86,0
7.73,33.07,35.0,0
38.52,21.72,25.54,0
203.84,42.87,88.55,1
22.31,34.61,28.35,0
88.4,27.15,48.36,1
253.6,16.91,79.27,1
7.78,20.47,31.73,0
5.8,27.54,23.88,0
132.0,7.1,55.65,0
107.74,5.46,49.31,0
12.78,36.06,42.47,0
101.48,5.17,37.3,0
28.92,51.89,27.46,1
2.45,51.28,20.1,0
67.14,21.5,35.95,1
25.0,20.18,25.72,0
1.52,7.45,38.64,0
262.63,13.04,77.47,1
135.87,48.1,37.41,1
76.83,9.91,31.79,0
7.56,14.36,16.82,0
9.7,29.45,24.81,0
66.25,8.87,33.24,0
49.83,28.12,38.16,1
8.79,41.46,38.1,0
90.74,34.13,51.98,1
1.74,34.3,33.11,0
228.35,6.2,60.22,0
1.38,10.03,13.76,0
13.06,20.61,28.77,0
2.19,52.56,11.17,0
77.48,42.13,21.48,1
45.78,56.48,37.66,1
109.78,36.69,36.29,1
2.13,19.86,46.9,0
269.94,37.99,69.11,1
17.53,12.48,46.59,0
101.67,8.72,50.25,0
212.79,26.23,62.05,1
3.2,51.28,34.24,1
69.76,38.55,42.99,1
93.41,43.31,58.82,1
140.47,30.93,49.06,1
107.72,56.14,35.46,1
0.73,57.75,28.74,1
25.46,16.84,29.17,0
151.96,7.44,71.63,0
32.16,10.55,40.52,0
36.75,38.12,23.91,0
9.63,36.38,21.87,0
5.94,51.32,16.52,0
18.53,30.7,44.96,0
2.07,18.66,47.5,0
72.76,49.05,27.15,1
94.96,30.9,44.73,1
102.39,7.05,56.7,0
266.72,57.84,66.03,1
15.71,52.49,31.64,1
8.92,8.14,23.08,0
22.04,31.42,19.46,0
47.99,18.94,18.7,0
63.25,39.24,52.37,1
75.43,27.34,38.22,1
15.2,51.04,28.38,1
104.83,37.2,47.42,1
8.34,42.29,39.66,0
11.11,50.07,30.04,1
54.43,18.01,33.51,0
6.18,5.68,11.56,0
111.27,13.48,53.33,1
5.47,35.44,10.2,0
4.36,38.64,15.57,0
21.02,43.15,27.31,0
3.46,54.05,16.63,0
42.57,24.28,64.05,1
179.25,32.23,70.59,1
8.62,18.03,28.81,0
87.94,8.71,40.4,0
3.63,5.38,32.26,0
79.91,29.1,40.3,1
66.07,10.76,54.66,0
92.74,7.3,49.62,0
97.67,22.35,44.47,1
31.74,46.53,56.84,1
47.56,27.54,37.66,0
105.68,31.72,39.27,1
31.94,38.32,39.93,1
6.37,27.29,40.7,0
3.56,25.5,32.42,0
45.98,10.79,42.46,0
24.29,35.3,28.55,0
131.87,31.03,44.64,1
165.95,26.14,41.52,1
244.3,34.03,76.93,1
77.42,6.46,33.84,0
101.13,35.15,26.88,1
113.76,7.8,58.75,0
67.7,6.77,35.33,0
29.61,7.53,31.48,0
127.45,30.22,51.24,1
78.8,37.93,44.35,1
224.58,15.96,65.36,1
0.31,5.61,16.03,0
8.6,14.94,24.33,0
197.83,35.63,51.23,1
184.3,24.74,55.36,1
20.12,33.91,23.33,0
111.3,20.09,39.02,1
8.19,23.67,27.17,0
44.11,34.2,31.6,1
76.61,59.92,61.74,1
11.6,38.86,42.82,0
40.22,26.56,32.72,0
118.22,15.46,32.98,1
0.59,7.1,32.92,0
220.8,9.78,72.88,0
32.81,23.32,49.0,0
48.36,58.26,35.71,1
13.0,37.59,37.87,0
16.6,14.18,37.13,0
100.43,27.75,42.01,1
245.45,23.45,62.39,1
65.95,35.21,29.52,1
9.68,23.06,21.56,0
1.53,9.52,19.94,0
91.77,38.14,61.33,1
15.84,13.31,25.54,0
4.69,58.52,25.35,1
263.3,33.29,89.27,1
0.11,43.96,22.05,0
89.25,11.62,38.25,0
9.32,35.31,23.56,0
233.09,58.2,67.53,1
10.08,48.77,24.04,0
48.99,9.79,50.21,0
5.65,33.28,25.98,0
59.95,26.69,40.7,1
27.72,26.36,25.1,0
99.48,28.7,63.13,1
119.76,36.09,55.63,1
0.14,14.62,41.79,0
161.66,36.99,50.22,1
77.62,23.9,52.28,1
1.44,23.42,39.92,0
17.57,13.23,35.7,0
74.88,35.54,24.73,1
2.64,31.27,13.18,0
13.94,12.78,20.24,0
11.4,17.0,13.93,0
2.88,55.32,30.58,1
0.76,14.34,21.39,0
17.52,20.38,35.47,0
200.85,36.02,64.3,1
14.76,12.08,22.43,0
17.53,38.22,22.39,0
88.83,26.29,36.34,1
1.31,25.71,26.42,0
69.07,24.3,35.13,1
11.17,46.16,41.08,1
1.68,24.92,25.89,0
9.84,28.11,48.64,0
3.33,27.13,19.15,0
166.52,35.54,64.48,1
3.19,22.77,14.58,0
7.9,59.46,13.19,0
100.54,58.03,51.77,1
8.88,30.09,34.0,0
274.72,13.8,63.59,1
0.32,15.16,24.01,0
18.42,21.04,32.88,0
16.01,44.11,22.34,0
18.8,41.53,39.47,1
21.58,18.72,43.02,0
9.72,21.53,24.58,0
16.86,25.61,35.35,0
146.46,48.5,72.22,1
85.94,12.52,55.43,1
84.39,21.6,46.41,1
16.44,27.82,22.47,0
15.98,56.07,25.92,1
70.65,46.56,55.08,1
92.91,26.84,34.65,1
11.91,28.46,39.06,0
48.6,37.34,50.17,1
41.85,30.68,47.38,1
56.05,32.49,37.98,1
45.12,40.9,33.32,1
8.42,21.37,30.64,0
1.88,24.3,19.51,0
50.87,17.99,52.48,0
86.11,56.59,61.38,1
228.33,16.25,85.86,1
10.84,19.85,37.8,0
16.51,29.11,16.29,0
41.73,5.1,21.28,0
18.31,44.82,21.93,0
61.07,56.64,41.63,1
81.7,25.7,40.58,1
3.65,34.3,28.81,0
4.56,33.1,28.46,0
96.17,27.04,53.42,1
103.51,44.13,45.07,1
3.53,23.82,34.26,0
175.11,31.53,60.94,1
13.48,24.34,32.27,0
4.45,29.59,25.73,0
10.41,36.36,29.56,0
111.8,13.85,45.18,1
243.12,31.45,64.72,1
64.78,46.65,54.12,1
82.93,10.46,32.92,0
6.58,38.37,29.0,0
24.45,49.11,36.91,1
0.77,5.3,34.12,0
104.72,32.51,53.16,1
15.39,35.88,30.14,0
16.69,45.22,22.76,0
17.76,28.02,20.53,0
48.59,17.34,46.96,0
2.5,18.72,29.17,0
75.12,30.29,59.62,1
11.74,21.45,19.58,0
78.5,55.63,48.52,1
95.65,41.38,61.78,1
67.02,27.44,52.4,1
10.37,16.07,29.04,0
9.03,53.92,40.5,1
1.17,22.09,34.28,0
10.69,22.18,36.41,0
111.1,21.94,39.22,1
270.77,9.08,85.47,0
12.68,18.84,23.33,0
84.16,23.34,29.89,1
42.76,23.96,47.15,0
16.5,9.96,25.93,0
24.24,19.89,48.55,0
69.22,7.72,48.47,0
53.37,26.47,47.76,1
90.91,56.08,54.04,1
32.02,30.8,34.93,0
11.02,11.01,28.88,0
210.5,5.52,62.73,0
2.65,6.28,13.91,0
10.15,41.62,28.48,0
6.38,28.07,33.91,0
6.69,54.98,26.32,1
2.04,18.81,20.22,0
2.39,38.0,33.48,0
118.91,5.27,30.8,0
94.28,22.56,45.9,1
1.8,15.36,19.34,0
7.29,11.05,30.46,0
53.41,35.23,33.34,1
8.89,37.93,34.48,0
40.3,17.26,33.56,0
4.21,51.41,33.76,1
8.48,29.84,33.41,0
96.5,46.19,48.63,1
105.37,33.94,42.51,1
5.24,51.8,29.59,1
7.59,22.35,32.29,0
72.63,30.39,46.17,1
162.67,53.27,45.87,1
65.5,43.22,46.77,1
206.09,43.91,68.88,1
0.5,36.42,33.08,0
82.95,9.02,43.52,0
70.08,35.01,45.49,1
82.78,15.22,54.79,1
41.64,29.58,35.66,0
13.04,26.6,28.75,0
68.31,24.58,27.43,1
53.68,42.08,47.67,1
18.44,20.32,40.96,0
6.6,40.22,19.71,0
104.0,9.33,41.65,0
17.24,30.41,12.42,0
86.51,22.67,38.56,1
33.98,9.77,22.58,0
42.73,12.85,22.06,0
33.63,14.09,41.54,0
105.64,40.33,45.62,1
97.56,21.28,36.7,1
128.19,50.56,62.3,1
111.52,40.98,35.68,1
90.14,13.04,67.58,1
22.13,53.81,32.82,1
1.71,40.56,12.66,0
28.8,20.79,32.29,0
20.78,6.22,24.01,0
101.06,30.67,39.66,1
67.04,57.27,31.34,1
114.46,22.24,40.01,1
13.62,34.93,10.0,0
110.13,56.48,52.22,1
42.36,27.99,26.27,0
47.44,31.15,48.1,1
49.16,17.13,25.69,0
36.77,33.72,41.81,1
94.09,24.52,36.06,1
66.57,24.68,43.94,1
37.61,16.37,37.57,0
99.34,27.6,54.95,1
113.39,35.07,34.37,1
273.51,12.87,82.67,1
25.85,23.87,18.01,0
145.42,51.09,53.94,1
31.49,34.4,32.33,0
8.18,52.4,32.84,1
15.91,25.68,22.68,0
28.19,56.84,24.97,1
3.1,16.94,33.21,0
232.73,10.6,79.63,0
7.08,23.15,28.16,0
61.03,40.86,48.68,1
23.55,45.79,35.37,1
105.27,28.5,49.12,1
1.1,36.31,13.87,0
152.73,11.22,42.79,0
10.24,53.32,38.37,1
16.95,39.52,29.15,0
0.05,37.44,37.11,0
198.69,18.56,62.98,1
152.83,26.62,54.59,1
57.72,50.25,37.29,1
90.02,18.42,52.82,1
13.05,22.72,21.69,0
154.23,46.84,47.45,1
112.71,47.05,59.7,1
53.81,44.1,59.28,1
7.42,23.88,29.32,0
72.57,42.85,44.76,1
84.38,18.9,33.0,1
11.03,9.88,11.87,0
0.44,52.03,39.56,1
115.46,11.01,58.97,0
43.5,21.1,32.37,0
67.86,39.16,51.34,1
119.64,34.55,44.36,1
84.82,49.31,56.63,1
13.81,10.71,22.34,0
118.4,14.63,60.23,1
225.81,35.72,75.08,1
5.09,6.93,14.38,0
10.11,43.91,41.43,1
216.99,35.09,77.37,1
1.14,29.82,16.94,0
73.54,45.16,58.64,1
74.35,53.94,45.75,1
204.03,28.34,68.2,1
212.9,51.37,84.7,1
40.02,36.39,36.59,1
59.35,5.61,48.34,0
81.12,20.43,63.37,1
40.21,32.85,39.62,1
3.44,32.39,22.32,0
7.95,57.97,30.68,1
65.79,18.03,49.39,1
127.91,8.87,59.88,0
11.37,42.02,22.35,0
4.13,24.84,30.85,0
246.17,39.48,55.8,1
110.06,25.25,38.04,1
56.3,16.87,37.57,0
81.13,31.45,46.01,1
32.04,13.41,38.28,0
0.54,24.48,23.58,0
14.71,31.82,43.09,0
10.96,36.65,24.23,0
1.42,7.23,39.24,0
11.87,28.18,27.13,0
119.42,18.88,60.54,1
198.09,8.24,59.75,0
10.89,10.56,28.81,0
27.08,15.83,26.84,0
2.58,52.91,18.55,0
52.94,22.33,45.64,1
104.95,57.46,38.53,1
108.5,33.15,65.92,1
57.43,28.12,35.6,1
3.73,24.06,45.94,0
114.02,50.26,52.39,1
87.68,20.06,33.13,1
10.66,6.91,27.94,0
27.41,39.14,53.03,1
95.19,25.4,47.87,1
10.17,54.59,17.35,0
20.84,58.21,26.89,1
2.33,22.57,21.34,0
55.11,10.09,48.81,0
44.01,19.55,35.61,0
49.23,48.43,42.13,1
44.11,31.85,35.34,1
100.76,59.98,60.47,1
9.99,20.82,33.14,0
23.73,10.99,23.06,0
4.97,43.93,49.73,1
84.3,31.27,44.45,1
53.06,26.44,39.29,1
53.3,28.93,52.83,1
256.48,46.97,59.73,1
70.97,43.62,34.95,1
8.76,35.16,17.88,0
219.8,35.63,56.3,1
8.44,32.74,19.2,0
4.92,25.32,20.22,0
12.55,54.02,25.19,1
151.06,16.33,62.63,1
21.31,13.24,40.79,0
248.43,49.41,74.68,1
18.56,23.26,32.55,0
22.23,52.26,38.62,1
38.7,51.09,45.55,1
11.44,33.82,35.06,0
151.31,10.13,73.51,0
101.53,19.64,44.16,1
16.51,32.0,31.81,0
24.23,43.48,39.22,1
66.67,28.72,35.88,1
3.46,12.37,33.17,0
0.14,14.79,13.28,0
221.44,17.26,64.75,1
63.47,25.03,56.26,1
99.33,44.43,50.29,1
16.82,55.91,23.91,1
77.19,9.03,38.25,0
8.04,5.23,30.16,0
41.16,24.1,40.38,0
61.03,52.56,40.96,1
231.04,7.75,64.0,0
9.99,9.51,10.0,0
28.7,24.44,32.14,0
51.19,45.8,46.62,1
22.19,28.75,20.49,0
13.56,20.62,27.64,0
89.29,12.66,50.62,1
188.23,22.32,84.56,1
3.99,26.62,22.65,0
10.46,17.26,39.47,0
92.3,28.29,65.27,1
272.82,13.14,89.43,1
95.72,28.8,49.79,1
18.78,41.99,44.35,1
59.0,31.21,31.2,1
8.32,31.22,42.35,0
80.35,22.95,55.52,1
30.63,30.63,21.21,0
5.87,43.09,31.23,0
8.74,14.5,42.81,0
53.74,18.16,44.64,0
111.94,31.39,46.21,1
15.44,25.02,28.51,0
11.32,18.35,34.86,0
14.88,31.1,21.41,0
8.65,8.87,40.05,0
16.27,20.6,13.18,0
11.92,33.61,36.06,0
195.83,41.55,71.81,1
8.79,32.2,25.22,0
6.46,33.47,17.65,0
91.93,37.39,49.3,1
2.85,29.55,19.64,0
84.27,51.1,49.08,1
55.95,47.5,35.31,1
3.64,33.11,30.75,0
9.34,27.73,26.42,0
92.1,14.75,37.95,1
85.02,46.85,45.26,1
80.41,51.53,28.75,1
2.18,20.35,49.21,0
188.87,25.36,62.05,1
66.63,11.54,48.35,0
15.34,40.77,42.43,1
1.68,35.13,34.56,0
2.69,43.45,44.83,0
2.81,7.66,39.46,0
64.07,36.11,29.22,1
79.77,24.14,52.53,1
35.95,12.54,24.45,0
84.65,30.6,53.67,1
7.61,56.88,29.33,1
245.63,37.49,86.07,1
101.61,45.78,58.13,1
92.31,26.98,32.85,1
4.89,35.53,22.16,0
57.18,28.97,31.04,1
14.34,39.66,11.81,0
6.52,43.56,33.38,0
8.07,5.2,24.77,0
275.68,17.52,77.45,1
82.51,24.25,65.67,1
46.71,11.38,40.07,0
80.97,36.0,42.29,1
75.02,27.23,58.71,1
39.57,24.27,40.62,0
69.15,22.68,45.4,1
98.9,11.78,59.66,0
1.09,42.33,35.03,0
2.24,29.38,22.11,0
10.52,21.17,41.1,0
8.28,5.18,40.41,0
67.22,31.89,53.39,1
128.57,8.88,57.05,0
15.07,54.46,47.35,1
47.67,47.2,33.4,1
76.85,13.96,47.92,1
218.27,44.75,70.94,1
9.93,38.04,10.0,0
106.84,10.19,46.32,0
9.08,10.52,44.71,0
4.97,53.43,48.13,1
92.76,46.75,59.33,1
76.49,21.22,34.13,1
14.65,8.37,37.17,0
36.66,10.44,28.76,0
8.19,31.46,33.97,0
12.49,34.8,21.25,0
89.01,13.67,47.54,1
26.58,58.93,30.9,1
133.16,38.69,65.38,1
4.59,35.83,29.28,0
17.37,20.32,33.96,0
2.23,10.35,27.51,0
119.87,46.78,65.36,1
114.22,9.15,52.23,0
